Title,Location,Mark,Artist,Year,_ext_links,_source_page,_wiki_api,biome_category,game
Dragon Dream,Evan tutorial,DragonDream,StudioEIM,2009,['https://www.youtube.com/watch?v=mM_27SaY7tE'],Bgm00,,unclassified,MapleStory
Floral Life,Henesys,Henesys,StudioEIM,2003,['https://www.youtube.com/watch?v=s2_MAplvHeQ'],Bgm00,,unclassified,MapleStory
Go Picnic,"Henesys Market, Southperry",Henesys,StudioEIM,2003,['https://www.youtube.com/watch?v=WUuawkZR0s0'],Bgm00,,unclassified,MapleStory
Nightmare,Perion,Perion,StudioEIM,2003,['https://www.youtube.com/watch?v=9lwOsX763N0'],Bgm00,,unclassified,MapleStory
Rest 'N Peace,Henesys field,Henesys,CODASOUND,2003,['https://www.youtube.com/watch?v=SQRqz1D3Xm8'],Bgm00,,unclassified,MapleStory
Sleepywood,Sleepywood,Dungeon,StudioEIM,2003,['https://www.youtube.com/watch?v=tWCWIhA3XQw'],Bgm00,,unclassified,MapleStory
Ancient Move,Sleepywood: Ant Tunnel,Dungeon,StudioEIM,2003,['https://www.youtube.com/watch?v=w9HagZ099c0'],Bgm01,,unclassified,MapleStory
Bad Guys,Kerning City,KerningCity,CODASOUND,2003,['https://www.youtube.com/watch?v=uv8QObpL2EY'],Bgm01,,unclassified,MapleStory
Cava Bien,"Henesys Hunting Ground, Henesys field",Henesys,StudioEIM,2003,['https://www.youtube.com/watch?v=ddd2MInZXUU'],Bgm01,,unclassified,MapleStory
Highland Star,"Perion field, Perion dungeon",Perion,CODASOUND,2003,['https://www.youtube.com/watch?v=DIuiKBGxPLA'],Bgm01,,unclassified,MapleStory
Moonlight Shadow,Ellinia field,Ellinia,CODASOUND,2003,['https://www.youtube.com/watch?v=XYtHWyrVm30'],Bgm01,,unclassified,MapleStory
Where the Balrog From,Perion: Warriors' Sanctuary (Beta),Perion,CODASOUND,2003,['https://www.youtube.com/watch?v=OC-b2p-D28s'],Bgm01,,unclassified,MapleStory
Above the Treetops,Lith Harbor,Rith,CODASOUND,2003,['https://www.youtube.com/watch?v=F6LIFBVhObQ'],Bgm02,,unclassified,MapleStory
Evil Eyes,"Sleepywood: Deep Ant Tunnel, Cave of Evil Eyes",Dungeon,CODASOUND,2003,['https://www.youtube.com/watch?v=N49FmJJnfy0'],Bgm02,,unclassified,MapleStory
Jungle Book,Kerning Swamp,KerningCity,CODASOUND,2003,['https://www.youtube.com/watch?v=YYTuDFsvZNU'],Bgm02,,unclassified,MapleStory
Missing You,Ellinia Tree Dungeon,Ellinia,CODASOUND,2003,['https://www.youtube.com/watch?v=2NoF8PHQJqQ'],Bgm02,,unclassified,MapleStory
When the Morning Comes,Ellinia,Ellinia,CODASOUND,2003,['https://www.youtube.com/watch?v=gfgBDs8z6WE'],Bgm02,,unclassified,MapleStory
Beachway,Florina Beach,Nautilus,CODASOUND,2003,['https://www.youtube.com/watch?v=9VqPnUL9Qvs'],Bgm03,,unclassified,MapleStory
Blue Sky,"Mushroom Castle, Kerning L Forest",MushCatle,CODASOUND,2003,['https://www.youtube.com/watch?v=ClLLtA3naSo'],Bgm03,,unclassified,MapleStory
Bygone Garden,Forgotten Hollow,ForgottenHollow,ASTERIA,2026,['https://www.youtube.com/watch?v=5Lmt2FhLYd0'],Bgm03,,unclassified,MapleStory
Cavern of Shadows,Forgotten Hollow - Deep Passage,ForgottenHollow,ASTERIA,2026,['https://www.youtube.com/watch?v=N9sO6Fk3a6I'],Bgm03,,unclassified,MapleStory
Elfwood,Ellinia: Magic Library (Beta),Ellinia,CODASOUND,2003,['https://www.youtube.com/watch?v=uBUfQcIhim0'],Bgm03,,unclassified,MapleStory
Snowy Village,El Nath,ElNath,CODASOUND,2004,['https://www.youtube.com/watch?v=X6X7U5V9Obk'],Bgm03,,unclassified,MapleStory
Subway,Kerning Subway,KerningCity,StudioEIM,2003,['https://www.youtube.com/watch?v=J1YTQvtmsjg'],Bgm03,,unclassified,MapleStory
Arab Pirate,Ship to Orbis (Balrog invasion),Orbis,StudioEIM,2004,['https://www.youtube.com/watch?v=PZLLGX6VNgU'],Bgm04,,unclassified,MapleStory
Play With Me,Internet Cafe,PcZone,CODASOUND,2003,['https://www.youtube.com/watch?v=3Wwk2CDkV44'],Bgm04,,unclassified,MapleStory
Shinin' Harbor,Orbis,Orbis,CODASOUND,2004,['https://www.youtube.com/watch?v=DThWMbPZXy8'],Bgm04,,unclassified,MapleStory
Upon the Sky,Ship to Orbis,Orbis,CODASOUND,2004,['https://www.youtube.com/watch?v=fTYJEdEcTbA'],Bgm04,,unclassified,MapleStory
Warm Regard,El Nath field,ElNath,CODASOUND,2004,['https://www.youtube.com/watch?v=MBmPOY2PA2Q'],Bgm04,,unclassified,MapleStory
White Christmas,Happyville,HappyVillage,StudioEIM,2003,['https://www.youtube.com/watch?v=IzzDrEuFpnE'],Bgm04,,unclassified,MapleStory
White Christmas (Alternate Version),Happyville (Alternate Version),HappyVillage,StudioEIM,2003,['https://www.youtube.com/watch?v=zAqyNzqqgT0'],Bgm04,,unclassified,MapleStory
Abandoned Mine,El Nath: Dead Mine,ElNathDungeon,CODASOUND,2004,['https://www.youtube.com/watch?v=WmHOENuKkmk'],Bgm05,,unclassified,MapleStory
Hell Gate,El Nath: The Cave of Trial,ElNathDungeon,StudioEIM,2004,['https://www.youtube.com/watch?v=923LpjaA9Ps'],Bgm05,,unclassified,MapleStory
Mine Quest,El Nath: Zakum Quest,ElNathDungeon,StudioEIM,2004,['https://www.youtube.com/watch?v=8LaAGZ5kxvk'],Bgm05,,unclassified,MapleStory
Wolf Woods,El Nath: Wolves' Territory,ElNath,StudioEIM,2004,['https://www.youtube.com/watch?v=1MPBnVU8_I4'],Bgm05,,unclassified,MapleStory
Come With Me,Orbis Tower,Orbis,StudioEIM,2004,['https://www.youtube.com/watch?v=sNCwJu5Buz0'],Bgm06,,unclassified,MapleStory
Fantastic Thinking,Ludibrium,Ludibrium,StudioEIM,2004,['https://www.youtube.com/watch?v=49AZqVhXVeU'],Bgm06,,unclassified,MapleStory
Final Fight,Zakum boss theme,Zakum,StudioEIM,2004,['https://www.youtube.com/watch?v=rEtDrkAYs68'],Bgm06,,unclassified,MapleStory
Flying in a Blue Dream,"Ship to Ludibrium, Continental travel (Ossyria)",Ludibrium,CODASOUND,2004,['https://www.youtube.com/watch?v=UywGQsCoj8c'],Bgm06,,unclassified,MapleStory
Welcome to Hell,El Nath: Zakum's Altar,Zakum,StudioEIM,2004,['https://www.youtube.com/watch?v=3EJFx4emHyk'],Bgm06,,unclassified,MapleStory
Fantasia,Ludibrium Party Quest,AbandonTower,CODASOUND,2005,['https://www.youtube.com/watch?v=v-GtLObPoto'],Bgm07,,unclassified,MapleStory
Funny Time Maker,"Ludibrium: Eos Tower, Helios Tower",LudiTower1,CODASOUND,2004,['https://www.youtube.com/watch?v=JSPCrPrepRE'],Bgm07,,unclassified,MapleStory
High Enough,Ludibrium: Eos Tower exterior,LudiTower1,CODASOUND,2004,['https://www.youtube.com/watch?v=iqWeh-dkwu4'],Bgm07,,unclassified,MapleStory
Waltz For Work,Ludibrium: Toy Factory,Ludibrium,StudioEIM,2004,['https://www.youtube.com/watch?v=CNRFWEhv_Dw'],Bgm07,,unclassified,MapleStory
Wherever You Are,Ludibrium Clocktower: Path of Time,Ludibrium,StudioEIM,2004,['https://www.youtube.com/watch?v=iHbjhiWic0U'],Bgm07,,unclassified,MapleStory
Finding Forest,Omega Sector: Kulan Field,OmegaSector,StudioEIM,2004,['https://www.youtube.com/watch?v=dT0laG5urcc'],Bgm08,,unclassified,MapleStory
For the Glory,Omega Sector Silo,OmegaSector,StudioEIM,2004,['https://www.youtube.com/watch?v=aSTjTjakW8s'],Bgm08,,unclassified,MapleStory
Let's Hunt Aliens,Omega Sector: Boswell Field,OmegaSector,CODASOUND,2004,['https://www.youtube.com/watch?v=pZ6Fuv6BLx4'],Bgm08,,unclassified,MapleStory
Let's March,Omega Sector,OmegaSector,CODASOUND,2004,['https://www.youtube.com/watch?v=LxQt8EVhBOs'],Bgm08,,unclassified,MapleStory
Plot of Pixie,Orbis Party Quest boss theme,GoddessTower,StudioEIM,2006,['https://www.youtube.com/watch?v=znPiUenHhP4'],Bgm08,,unclassified,MapleStory
Dark Shadow,Ludibrium Party Quest: Darkness in the Tower,AbandonTower,StudioEIM,2005,['https://www.youtube.com/watch?v=wWB1hTbtoNQ'],Bgm09,,unclassified,MapleStory
Fairy Tale,Ludibrium Clocktower: Warped Path of Time,Ludibrium,StudioEIM,2005,['https://www.youtube.com/watch?v=0_PTb2pxygU'],Bgm09,,unclassified,MapleStory
Fairy Tale (Faster Version),Ludibrium Clocktower: Warped Path of Time,Ludibrium,StudioEIM,2005,['https://www.youtube.com/watch?v=7PO-m2atU2U'],Bgm09,,unclassified,MapleStory
They're Menacing You,Ludibrium Party Quest boss theme,AbandonTower,StudioEIM,2005,['https://www.youtube.com/watch?v=hYVoxcVK0ns'],Bgm09,,unclassified,MapleStory
Time Attack,"Papulatus boss theme, Monster Carnival",Papulatus,StudioEIM,2005,['https://www.youtube.com/watch?v=AiaV9gA3i10'],Bgm09,,unclassified,MapleStory
Bizzarre Tales,Ludibrium Clocktower: Warped Passage,Ludibrium,StudioEIM,2005,['https://www.youtube.com/watch?v=v187PexfsFM'],Bgm10,,unclassified,MapleStory
Eregos,Ergoth boss theme (Sharenian Guild Quest),Guild,StudioEIM,2006,['https://www.youtube.com/watch?v=rNnYpo9-cRw'],Bgm10,,unclassified,MapleStory
The Grotesque Way,Ludibrium Clocktower: Forgotten Passage,Ludibrium,StudioEIM,2005,['https://www.youtube.com/watch?v=5Uu68ZwkzrM'],Bgm10,,unclassified,MapleStory
Timeless,Ludibrium: Forgotten Path of Time,Ludibrium,StudioEIM,2005,['https://www.youtube.com/watch?v=95a3-2TsrrA'],Bgm10,,unclassified,MapleStory
Timeless (B),Ludibrium: Forgotten Path of Time,Ludibrium,StudioEIM,2005,['https://www.youtube.com/watch?v=PmuoAR2ce3o'],Bgm10,,unclassified,MapleStory
Aquarium,Aqua Road: Aquarium,AquaRoad,StudioEIM,2005,['https://www.youtube.com/watch?v=qtw0sIBLjrw'],Bgm11,,unclassified,MapleStory
Blue World,Aqua Road west & central,AquaRoad,CODASOUND,2005,['https://www.youtube.com/watch?v=EnHRl2Wnabk'],Bgm11,,unclassified,MapleStory
Dark Mountain,Korean Folk Town: Black Mountain,Folkvillige,StudioEIM,2005,['https://www.youtube.com/watch?v=YUeCX11El2s'],Bgm11,,unclassified,MapleStory
Down Town,Korean Folk Town,Folkvillige,StudioEIM,2005,['https://www.youtube.com/watch?v=KK_IjvtszTA'],Bgm11,,unclassified,MapleStory
Shining Sea,Aqua Road east,AquaRoad,CODASOUND,2005,['https://www.youtube.com/watch?v=3jdRxzy3K9s'],Bgm11,,unclassified,MapleStory
Ancient Remains,"Perion Excavation Site, Sharenian Guild Quest",Perion,StudioEIM,2006,['https://www.youtube.com/watch?v=fdoT7nTWMO8'],Bgm12,,unclassified,MapleStory
Aqua Cave,Pianus boss theme,Pianus,StudioEIM,2006,['https://www.youtube.com/watch?v=ctsqJ-Xl9_0'],Bgm12,,unclassified,MapleStory
Deep Sea,Aqua Road Dungeon,AquaRoad,StudioEIM,2006,['https://www.youtube.com/watch?v=qc5Qqw7ABAU'],Bgm12,,unclassified,MapleStory
Dispute,Magatia,Magatia,StudioEIM,2007,['https://www.youtube.com/watch?v=5FDFLwPw0bU'],Bgm12,,unclassified,MapleStory
Castle Ruins,Perion Castle Ruins,Perion,StudioEIM,2006,['https://www.youtube.com/watch?v=xeks7rE2m0o'],Bgm12,,unclassified,MapleStory
Water Way,"Perion Castle Waterways, Sharenian Guild Quest",Guild,StudioEIM,2006,['https://www.youtube.com/watch?v=Su6P7juLavE'],Bgm12,,unclassified,MapleStory
Ancient Forest,Leafre: Kentaurus Field,Leafre,StudioEIM,2006,['https://www.youtube.com/watch?v=pWi9HXGWn2k'],Bgm13,,unclassified,MapleStory
Coke Town,Coke Town,CokeTown,StudioEIM,2006,['https://www.youtube.com/watch?v=AfsNt5oZrqw'],Bgm13,,unclassified,MapleStory
Fight Sand,Ariant Colosseum,AriantMatch,StudioEIM,2007,['https://www.youtube.com/watch?v=RQ35yqS4XZg'],Bgm13,,unclassified,MapleStory
Leafre,Leafre,Leafre,StudioEIM,2006,['https://www.youtube.com/watch?v=theIdIhZzVE'],Bgm13,,unclassified,MapleStory
Minar's Dream,Leafre: Minar Forest,Leafre,StudioEIM,2006,['https://www.youtube.com/watch?v=07a-UZLcxhM'],Bgm13,,unclassified,MapleStory
Tower of a Goddess,Orbis Party Quest,GoddessTower,StudioEIM,2006,['https://www.youtube.com/watch?v=UEByqQPt2is'],Bgm13,,unclassified,MapleStory
Ariant,Ariant,Ariant,StudioEIM,2007,['https://www.youtube.com/watch?v=w1RgDSoOajw'],Bgm14,,unclassified,MapleStory
Burning Road,Hot Desert (Old Version),Ariant,StudioEIM,2007,['https://www.youtube.com/watch?v=dPK41O2-odk'],Bgm14,,unclassified,MapleStory
Cave of Horntail,Leafre: Cave of Life,Leafre,StudioEIM,2006,['https://www.youtube.com/watch?v=Lo59n_tMGSM'],Bgm14,,unclassified,MapleStory
Dragon Load,Leafre: Dragon Forest,Leafre,StudioEIM,2006,['https://www.youtube.com/watch?v=z3jhg8KffPI'],Bgm14,,unclassified,MapleStory
Dragon's Nest,Leafre: Dragon Canyon,Leafre,StudioEIM,2006,['https://www.youtube.com/watch?v=Dsis2wyHQD0'],Bgm14,,unclassified,MapleStory
Dragon Rider,Dragon Rider Party Quest,Dragonrider,StudioEIM,2009,['https://www.youtube.com/watch?v=s6zoD2gnYrA'],Bgm14,,unclassified,MapleStory
Horntail,Horntail boss theme,Hontale,StudioEIM,2006,['https://www.youtube.com/watch?v=WnLrTMmnyBc'],Bgm14,,unclassified,MapleStory
Hot Desert,Ariant field,Ariant,StudioEIM,2007,['https://www.youtube.com/watch?v=q9swmo6309U'],Bgm14,,unclassified,MapleStory
Deep Cave,Ellin Forest: Chao boss theme,EilnForest,StudioEIM,2011,['https://www.youtube.com/watch?v=SZlxFZhtiKI'],Bgm15,,unclassified,MapleStory
Elin Cave,Ellin Forest: Rocky Mountain Cave,EilnForest,StudioEIM,2011,['https://www.youtube.com/watch?v=P_VsVWs4x0w'],Bgm15,,unclassified,MapleStory
Elin Forest,Ellin Forest,EilnForest,StudioEIM,2008,['https://www.youtube.com/watch?v=8FShyABhIAs'],Bgm15,,unclassified,MapleStory
Interior of Nautilus,Nautilus interior,Nautilus,StudioEIM,2007,['https://www.youtube.com/watch?v=eZ8LtJlzvyU'],Bgm15,,unclassified,MapleStory
Mureung Forest,Mu Lung forest,Murueng,StudioEIM,2007,['https://www.youtube.com/watch?v=OweBGLQHWaA'],Bgm15,,unclassified,MapleStory
Mureung Hill,Mu Lung,Murueng,StudioEIM,2007,['https://www.youtube.com/watch?v=2VMCpGe9MGc'],Bgm15,,unclassified,MapleStory
Nautilus,Nautilus Harbor,Nautilus,StudioEIM,2007,['https://www.youtube.com/watch?v=iZaVKkfuD6s'],Bgm15,,unclassified,MapleStory
Pirate,"Herb Town: Red-Nose Pirate Den, Lord Pirate Party Quest",DevijonParty,StudioEIM,2007,['https://www.youtube.com/watch?v=bI9xLsAjeJk'],Bgm15,,unclassified,MapleStory
Poison Forest,Ellin Forest: Fairy Forest,PoisonForest,StudioEIM,2008,['https://www.youtube.com/watch?v=tc61Xjl4_X8'],Bgm15,,unclassified,MapleStory
Queen's Hideout,Ellin Forest: Ephenia boss theme,EilnForest,StudioEIM,2011,['https://www.youtube.com/watch?v=tjMTX_gB6bI'],Bgm15,,unclassified,MapleStory
Sunset Desert,Ariant / Magatia: Sunset Road,Magatia,StudioEIM,2007,['https://www.youtube.com/watch?v=L9CYYgoZVAo'],Bgm15,,unclassified,MapleStory
White Herb,Herb Town,WhiteHerb,StudioEIM,2007,['https://www.youtube.com/watch?v=59oze7IkQ10'],Bgm15,,unclassified,MapleStory
Dusk of God,Temple of Time: Zone boss theme,TimeTemple,StudioEIM,2008,['https://www.youtube.com/watch?v=c851KzZNXkg'],Bgm16,,unclassified,MapleStory
Fighting Pink Bean,Pink Bean boss theme,PinkBean,StudioEIM,2008,['https://www.youtube.com/watch?v=Mt8ZlyYA4GI'],Bgm16,,unclassified,MapleStory
Forgetfulness,Temple of Time: Path of Oblivion,TimeTemple,StudioEIM,2008,['https://www.youtube.com/watch?v=mPdotLdAe7k'],Bgm16,,unclassified,MapleStory
In Wartime,Azwan field,Aswan,StudioEIM,2012,['https://www.youtube.com/watch?v=I_p0XgfuoxE'],Bgm16,,unclassified,MapleStory
Red Witch,Hilla boss theme,Hilla,StudioEIM,2012,['https://www.youtube.com/watch?v=xDV6ShE-YUU'],Bgm16,,unclassified,MapleStory
Rememberance,Temple of Time: Path of Memory,TimeTemple,StudioEIM,2008,['https://www.youtube.com/watch?v=TpKE4mKFSZY'],Bgm16,,unclassified,MapleStory
Repentance,Temple of Time: Path of Regret,TimeTemple,StudioEIM,2008,['https://www.youtube.com/watch?v=3loq0xBsi7o'],Bgm16,,unclassified,MapleStory
Rusty Throne,Azwan,Aswan,StudioEIM,2012,['https://www.youtube.com/watch?v=XhbKFnWl9R8'],Bgm16,,unclassified,MapleStory
Temple of Time,Temple of Time,TimeTemple,StudioEIM,2008,['https://www.youtube.com/watch?v=6uCaEDM-Kf8'],Bgm16,,unclassified,MapleStory
Evolving World,Evolution System,EvolvingSystem,StudioEIM,2012,['https://www.youtube.com/watch?v=0WLtsCqEQ4Q'],Bgm17,,unclassified,MapleStory
Gold Beach,Gold Beach,Goldrich,StudioEIM,2012,['https://www.youtube.com/watch?v=pyxpWEl3St0'],Bgm17,,unclassified,MapleStory
Mu Lung Raid 1,"Mu Lung Dojo First Tier, Foggy Forest Training Center",ForestTraining,StudioEIM,2008,['https://www.youtube.com/watch?v=bqR0o6TkkQk'],Bgm17,,unclassified,MapleStory
Mu Lung Raid 2,Mu Lung Dojo Second Tier,MuruengRaid,StudioEIM,2008,['https://www.youtube.com/watch?v=cypwlFD2TE4'],Bgm17,,unclassified,MapleStory
Mu Lung Raid 3,Mu Lung Dojo Third Tier,MuruengRaid,StudioEIM,2008,['https://www.youtube.com/watch?v=9SKZBsjUdAg'],Bgm17,,unclassified,MapleStory
Mu Lung Raid 4,Mu Lung Dojo Final Tier,MuruengRaid,StudioEIM,2008,['https://www.youtube.com/watch?v=44UN_MwwAEg'],Bgm17,,unclassified,MapleStory
Secret Flower,Kerning City: The Secret Garden,SecretFlower,StudioEIM,2010,['https://www.youtube.com/watch?v=C0xN8QcxqXk'],Bgm17,,unclassified,MapleStory
Black Wing,Black Wings theme,Ereb,StudioEIM,2008,['https://www.youtube.com/watch?v=D567gGNSf8I'],Bgm18,,unclassified,MapleStory
Drill Hall,Ereve: Cygnus Drill Hall,Ereb,StudioEIM,2008,['https://www.youtube.com/watch?v=uu55XbbIjRU'],Bgm18,,unclassified,MapleStory
Injustice,"Ereve Grand Pavilion, Phantom tutorial",Ereb,StudioEIM,2011,['https://www.youtube.com/watch?v=Dt4hq7RKhsA'],Bgm18,,unclassified,MapleStory
Queen's Garden,Ereve,Ereb,StudioEIM,2008,['https://www.youtube.com/watch?v=3r9s43TG9yA'],Bgm18,,unclassified,MapleStory
Raindrop Flower,Ereve Training Field,Ereb,StudioEIM,2008,['https://www.youtube.com/watch?v=DhUdOO9UNwY'],Bgm18,,unclassified,MapleStory
Wolf and Sheep,Sheep Ranch event,MinigameStation,StudioEIM,2009,['https://www.youtube.com/watch?v=odEQ8ImOfeY'],Bgm18,,unclassified,MapleStory
Bamboo Gym,Rien: Aran Bamboo Gym,Rien,StudioEIM,2009,['https://www.youtube.com/watch?v=9HiJnsISD3s'],Bgm19,,unclassified,MapleStory
Crystal Cave,Rien: Mirror Cave,SnowDragon,StudioEIM,2009,['https://www.youtube.com/watch?v=Wr21LZPVPrw'],Bgm19,,unclassified,MapleStory
Dancing with the Moon,Lumiere: Training Deck,CristalGarden,StudioEIM,2011,['https://www.youtube.com/watch?v=E7wxS2y6h6M'],Bgm19,,unclassified,MapleStory
Fly to the Moon,Lumiere,CristalGarden,StudioEIM,2011,['https://www.youtube.com/watch?v=ZpVpjZJyDJA'],Bgm19,,unclassified,MapleStory
Rien Village,Rien,Rien,StudioEIM,2009,['https://www.youtube.com/watch?v=YDfIfL_Fxec'],Bgm19,,unclassified,MapleStory
Snow Drop,Rien Training Field,Rien,StudioEIM,2009,['https://www.youtube.com/watch?v=531E1H-sdSo'],Bgm19,,unclassified,MapleStory
Ghost Ship in the Sea Mist,Ghost Ship in the Sea Mist,GhostShip,StudioEIM,2009,['https://www.youtube.com/watch?v=30PL_lLEBxU'],Bgm20,,unclassified,MapleStory
Nett's Pyramid,Monster Cleanup: Nett's Pyramid,Pyramid,StudioEIM,2009,['https://www.youtube.com/watch?v=up7ugury9zc'],Bgm20,,unclassified,MapleStory
Under the Subway,Monster Cleanup: Abandoned Subway,KerningCity,StudioEIM,2009,['https://www.youtube.com/watch?v=T-JvjxgfFWo'],Bgm20,,unclassified,MapleStory
Lovers in the Afternoon,Kerning Tower,KerningTower,ASTERIA,2016,['https://www.youtube.com/watch?v=0YyPld_3pBY'],Bgm21,,unclassified,MapleStory
Decisive Battle,"Leafre of Past, Demon Slayer tutorial",TimeTemple,StudioEIM,2011,['https://www.youtube.com/watch?v=EcjYXo4qxs0'],Bgm22,,unclassified,MapleStory
Despair on Devil,Demon Slayer tutorial,Leafre,StudioEIM,2011,['https://www.youtube.com/watch?v=e-USJPLjJQ4'],Bgm22,,unclassified,MapleStory
Edelstein City,Edelstein,Edelstein,StudioEIM,2010,['https://www.youtube.com/watch?v=Iayh6shDnwQ'],Bgm22,,unclassified,MapleStory
Gelimer Lab,Verne Mine: Gelimer Research Lab,Leben,StudioEIM,2010,['https://www.youtube.com/watch?v=6igTXgoof68'],Bgm22,,unclassified,MapleStory
Low Grade Ore,Edelstein: Dry Road,Leben,StudioEIM,2010,['https://www.youtube.com/watch?v=tTKXb4Y5uBI'],Bgm22,,unclassified,MapleStory
Low Grade Ore (Original),Edelstein: Dry Road (Original),Leben,StudioEIM,2010,['https://www.youtube.com/watch?v=PhBbDgnZCFk'],Bgm22,,unclassified,MapleStory
National Park,Edelstein Park,Edelstein,StudioEIM,2010,['https://www.youtube.com/watch?v=4dOKSVa5_L8'],Bgm22,,unclassified,MapleStory
Power Station,Verne Mine: Power Plant,Leben,StudioEIM,2010,['https://www.youtube.com/watch?v=HWZesN4Uj-Y'],Bgm22,,unclassified,MapleStory
Underground Place,Edelstein: Resistance Headquarters,Edelstein,StudioEIM,2010,['https://www.youtube.com/watch?v=SNuR31g7gqI'],Bgm22,,unclassified,MapleStory
Blizzard Castle,El Nath: Lion King's Castle,LionCastle,StudioEIM,2010,['https://www.youtube.com/watch?v=8F100vDwPJg'],Bgm23,,unclassified,MapleStory
Crimson Tower,El Nath: Lion King's Castle - Rose Garden,LionCastle,StudioEIM,2010,['https://www.youtube.com/watch?v=KmTlNkXpq-M'],Bgm23,,unclassified,MapleStory
Lion Heart,Von Leon boss theme,VanLeon,StudioEIM,2010,['https://www.youtube.com/watch?v=_Iw_yvDJzZA'],Bgm23,,unclassified,MapleStory
Monster Park Bonus Map,Monster Park bonus stage,Carnival,StudioEIM,2012,['https://www.youtube.com/watch?v=vllV8WtBD3E'],Bgm23,,unclassified,MapleStory
Battle BGM Type A,PvP: Background Music Type A,BattleSquare,StudioEIM,2011,['https://www.youtube.com/watch?v=wRxKsZpqW2c'],Bgm24,,unclassified,MapleStory
Battle BGM Type B,PvP: Background Music Type B,BattleSquare,StudioEIM,2011,['https://www.youtube.com/watch?v=oQXddgI_o2s'],Bgm24,,unclassified,MapleStory
Battle BGM Type C,PvP: Background Music Type C,BattleSquare,StudioEIM,2011,['https://www.youtube.com/watch?v=LUxUY27-3r4'],Bgm24,,unclassified,MapleStory
Battle BGM Type D,PvP: Background Music Type D,BattleSquare,StudioEIM,2011,['https://www.youtube.com/watch?v=Fjtl9PXDxeE'],Bgm24,,unclassified,MapleStory
Battle Chipi,PvP: Battle Square (ChinaMS version),BattleSquare,StudioEIM,2011,['https://www.youtube.com/watch?v=VV01F6REcnw'],Bgm24,,unclassified,MapleStory
Battle Entrance,PvP: Battle Square,BattleSquare,StudioEIM,2011,['https://www.youtube.com/watch?v=eky_ABtx2VE'],Bgm24,,unclassified,MapleStory
Krease Agit,Chryse Hideout,Krease,StudioEIM,2010,['https://www.youtube.com/watch?v=3neiOSwgp7A'],Bgm24,,unclassified,MapleStory
Krease Colosseum,Xerxes boss theme,Krease,StudioEIM,2010,['https://www.youtube.com/watch?v=FT1qwL_p6aA'],Bgm24,,unclassified,MapleStory
Krease Field,Chryse field,Krease,StudioEIM,2010,['https://www.youtube.com/watch?v=axgX2QRdBII'],Bgm24,,unclassified,MapleStory
Monster Park,Spiegelmann's Monster Park,Carnival,StudioEIM,2011,['https://www.youtube.com/watch?v=SbUoiVCAkI0'],Bgm24,,unclassified,MapleStory
Altar of Akayrum,Dimensional Schism: Arkarium's Altar,Akairum,StudioEIM,2011,['https://www.youtube.com/watch?v=eKf_ZjD9gb4'],Bgm25,,unclassified,MapleStory
Crack of Dimension,Temple of Time: Dimensional Schism,Akayrum,StudioEIM,2011,['https://www.youtube.com/watch?v=8hCou9H8XbY'],Bgm25,,unclassified,MapleStory
Cygnus Garden,Cygnus boss theme,Signus,StudioEIM,2010,['https://www.youtube.com/watch?v=Y3RCDa6qo6w'],Bgm25,,unclassified,MapleStory
Destruction Perion,Twilight Perion,destructionPerion,StudioEIM,2013,['https://www.youtube.com/watch?v=wyDck95mbDc'],Bgm25,,unclassified,MapleStory
Destruction Perion (Original),Twilight Perion (Original),destructionPerion,StudioEIM,2013,['https://www.youtube.com/watch?v=jYjUenKrOQ4'],Bgm25,,unclassified,MapleStory
Destruction Perion Shelter,Twilight Perion field,destructionPerion,StudioEIM,2013,['https://www.youtube.com/watch?v=gnVoHyAt5ko'],Bgm25,,unclassified,MapleStory
Destruction Town,Henesys Ruins,destructionTown,StudioEIM,2010,['https://www.youtube.com/watch?v=fM0ZfX9zkL4'],Bgm25,,unclassified,MapleStory
Flower in Blue,Mercedes tutorial,SilentEurel,StudioEIM,2011,['https://www.youtube.com/watch?v=SwDcv_pK_Mo'],Bgm25,,unclassified,MapleStory
Knight's Stronghold,Dark Ereve: Knight Stronghold,darkEreb,StudioEIM,2010,['https://www.youtube.com/watch?v=kSJ23VMOLsI'],Bgm25,,unclassified,MapleStory
Profession,Ardentmill,profession,StudioEIM,2010,['https://www.youtube.com/watch?v=i17x0vzii2c'],Bgm25,,unclassified,MapleStory
Sound of Elf,Elluel: Mercedes quest,Eurel,StudioEIM,2011,['https://www.youtube.com/watch?v=twACr950iDs'],Bgm25,,unclassified,MapleStory
Time Gate,Gate to the Future,destructionTown,StudioEIM,2011,['https://www.youtube.com/watch?v=rJKUHOoWNiA'],Bgm25,,unclassified,MapleStory
Wind and Flower,Elluel,Eurel,StudioEIM,2011,['https://www.youtube.com/watch?v=5gxVQPSbkJw'],Bgm25,,unclassified,MapleStory
Burning Woods,Luminous tutorial,Ellinia,StudioEIM,2012,['https://www.youtube.com/watch?v=fPVOc5uau1M'],Bgm26,,unclassified,MapleStory
Dark Mage,"Luminous tutorial, Black Mage encounter",TimeTemple,StudioEIM,2012,['https://www.youtube.com/watch?v=PLGbYlBbw2E'],Bgm26,,unclassified,MapleStory
Dark Woods,Luminous storyline,Ellinia,StudioEIM,2012,['https://www.youtube.com/watch?v=ekBYanDkybM'],Bgm26,,unclassified,MapleStory
Final Fight,"Luminous tutorial, Black Mage's Temple",TimeTemple,StudioEIM,2012,['https://www.youtube.com/watch?v=R5dUCq4vnvk'],Bgm26,,unclassified,MapleStory
Flood,Luminous tutorial,Ellinia,StudioEIM,2012,['https://www.youtube.com/watch?v=1cipH9qIEow'],Bgm26,,unclassified,MapleStory
Peaceful Woods,Luminous tutorial,Ellinia,StudioEIM,2012,['https://www.youtube.com/watch?v=6BqN9qhPoGQ'],Bgm26,,unclassified,MapleStory
Serenity,Luminous storyline,Ellinia,StudioEIM,2012,['https://www.youtube.com/watch?v=bDKPdN8rUko'],Bgm26,,unclassified,MapleStory
Speak in the Void,Luminous tutorial,TimeTemple,StudioEIM,2012,['https://www.youtube.com/watch?v=0-ANvxookZ0'],Bgm26,,unclassified,MapleStory
Angel's Room,Pantheon: Angelic Buster's Room,Pantheon,StudioEIM,2012,['https://www.youtube.com/watch?v=EC56KZErScE'],Bgm27,,unclassified,MapleStory
Base of Betrayers,"Pantheon: Suspicious Hideout, Heretic Temple",Pantheon,StudioEIM,2012,['https://www.youtube.com/watch?v=TeFx8yrpzHc'],Bgm27,,unclassified,MapleStory
Border Area,Pantheon border area,Pantheon,StudioEIM,2012,['https://www.youtube.com/watch?v=cxqCXm9_LsI'],Bgm27,,unclassified,MapleStory
Great Temple,Pantheon: Great Temple,Pantheon,StudioEIM,2012,['https://www.youtube.com/watch?v=CZTQdmJAEQI'],Bgm27,,unclassified,MapleStory
Nova Sanctum,Pantheon Sanctum,Pantheon,StudioEIM,2012,['https://www.youtube.com/watch?v=NNh-dYY3MpM'],Bgm27,,unclassified,MapleStory
Pantheon,Pantheon,Pantheon,StudioEIM,2012,['https://www.youtube.com/watch?v=ZYeUnqsCnxg'],Bgm27,,unclassified,MapleStory
Pantheon Field,Pantheon field,Pantheon,StudioEIM,2012,['https://www.youtube.com/watch?v=Koxm5dEtkS8'],Bgm27,,unclassified,MapleStory
Step of Kaiser,Kaiser tutorial,Pantheon,StudioEIM,2012,['https://www.youtube.com/watch?v=r05cGa1Jms0'],Bgm27,,unclassified,MapleStory
Trapped Kaiser,Kaiser tutorial,Pantheon,StudioEIM,2012,['https://www.youtube.com/watch?v=TNcUGCElU40'],Bgm27,,unclassified,MapleStory
Citadel of Tyrant,Heliseum: Tyrant's Castle,citadel,StudioEIM,2012,['https://www.youtube.com/watch?v=m7xk5VfLpwY'],Bgm28,,unclassified,MapleStory
Funky Black Market,Heliseum Black Market,helisium,StudioEIM,2012,['https://www.youtube.com/watch?v=MvBhDh4coJo'],Bgm28,,unclassified,MapleStory
Helisium Field,Heliseum Downtown,helisium,StudioEIM,2012,['https://www.youtube.com/watch?v=jlP7oASTb7w'],Bgm28,,unclassified,MapleStory
Helisium Mystic Forest,Heliseum Forest,helisium,StudioEIM,2012,['https://www.youtube.com/watch?v=01M2hR6BMHY'],Bgm28,,unclassified,MapleStory
Helisium War Cry,Heliseum: Tyrant's Castle,helisium,StudioEIM,2012,['https://www.youtube.com/watch?v=HxwC4DQ_Gmo'],Bgm28,,unclassified,MapleStory
Retake,Heliseum Reclamation HQ,retakeHQ,StudioEIM,2012,['https://www.youtube.com/watch?v=CuoeZkWgDjk'],Bgm28,,unclassified,MapleStory
The Final War,Magnus boss theme,Magnus,StudioEIM,2012,['https://www.youtube.com/watch?v=5rHW7L-DOJM'],Bgm28,,unclassified,MapleStory
The Final War (Original),Magnus boss theme (Original),Magnus,StudioEIM,2012,['https://www.youtube.com/watch?v=BOnEdZbf3ms'],Bgm28,,unclassified,MapleStory
Trinity Force,Heliseum: Tyrant's Castle boss theme,citadel,StudioEIM,2012,['https://www.youtube.com/watch?v=cOxp5RHqmjk'],Bgm28,,unclassified,MapleStory
Abyss Cave,Root Abyss: Vellum boss theme,Bellum,StudioEIM,2012,['https://www.youtube.com/watch?v=iU--7d3GLn8'],Bgm29,,unclassified,MapleStory
Joyful Tea Party,Root Abyss: Pierre boss theme,Piere,StudioEIM,2012,['https://www.youtube.com/watch?v=2rMJrisBFJI'],Bgm29,,unclassified,MapleStory
Queen's Palace,Root Abyss: Crimson Queen boss theme,BloodyQueen,StudioEIM,2012,['https://www.youtube.com/watch?v=LKxvLvnxWPc'],Bgm29,,unclassified,MapleStory
Time Chaos,Root Abyss: Von Bon boss theme,BanBan,StudioEIM,2012,['https://www.youtube.com/watch?v=kKLIRmO4PPo'],Bgm29,,unclassified,MapleStory
Yggdrasil Prayer,Root Abyss,rootabyss,StudioEIM,2012,['https://www.youtube.com/watch?v=ReqTSo2ervs'],Bgm29,,unclassified,MapleStory
5th Spotlight Fly Away,Angelic Buster's Superstar Spotlight skill,Pantheon,Wizet,2016,['https://www.youtube.com/watch?v=njzZP2857Yc'],Bgm30,,unclassified,MapleStory
5th Spotlight Fly Away (English),Angelic Buster's Superstar Spotlight skill,Pantheon,Wizet,2024,['https://www.youtube.com/watch?v=hkOtLzywHjY'],Bgm30,,unclassified,MapleStory
5th Spotlight Fly Away (Japanese),Angelic Buster's Superstar Spotlight skill,Pantheon,Wizet,2024,['https://www.youtube.com/watch?v=KHFv98ZdE_E'],Bgm30,,unclassified,MapleStory
6th Grand Finale Star Bubble,Angelic Buster's Grand Finale skill,Pantheon,ASTERIA,2023,['https://www.youtube.com/watch?v=qMKlpiiwVEc'],Bgm30,,unclassified,MapleStory
6th Grand Finale Star Bubble (English),Angelic Buster's Grand Finale skill,Pantheon,ASTERIA,2024,['https://www.youtube.com/watch?v=8ptGYzhGkz4'],Bgm30,,unclassified,MapleStory
6th Grand Finale Star Bubble (Japanese),Angelic Buster's Grand Finale skill,Pantheon,ASTERIA,2024,['https://www.youtube.com/watch?v=9iOA5CfaLq0'],Bgm30,,unclassified,MapleStory
Fly Away Remix -full- (Instrumental),On Stage chair effect,3019147,ASTERIA,2024,['https://www.youtube.com/watch?v=jyQKY4KspHA'],Bgm30,,unclassified,MapleStory
Fly Away Remix -full- (Japanese),On Stage chair effect,3019147,ASTERIA,2024,['https://www.youtube.com/watch?v=D8K0PCd7P1o'],Bgm30,,unclassified,MapleStory
Fly Away Remix -full-,On Stage chair effect,3019147,ASTERIA,2023,['https://www.youtube.com/watch?v=enW1yt1aN_g'],Bgm30,,unclassified,MapleStory
From Under to Upper,Xenon tutorial,Leben,Takkyu Ishino Wizet,2012,['https://www.youtube.com/watch?v=6qjUzKeTpOo'],Bgm30,,unclassified,MapleStory
In All Verity,Aqua Road: Veritas,AquaRoad,Wizet,2012,['https://www.youtube.com/watch?v=vViTIGuujaY'],Bgm30,,unclassified,MapleStory
Pulse Resonance,"Beryl boss theme, Xenon storyline",Leben,Takkyu Ishino,2012,['https://www.youtube.com/watch?v=McPZ2XTRv1g'],Bgm30,,unclassified,MapleStory
Shining Heart (Instrumental),Angelic Buster's Pretty Exaltation skill,Pantheon,ASTERIA,2024,['https://www.youtube.com/watch?v=tRn8s72WodI'],Bgm30,,unclassified,MapleStory
Shining Heart (English),Angelic Buster's Pretty Exaltation skill,Pantheon,ASTERIA,2024,['https://www.youtube.com/watch?v=qZed3_Isd6I'],Bgm30,,unclassified,MapleStory
Shining Heart -full- (Instrumental),On Stage chair effect,3019147,ASTERIA,2024,['https://www.youtube.com/watch?v=PEnqtiary0k'],Bgm30,,unclassified,MapleStory
Shining Heart -full- (Japanese),On Stage chair effect,3019147,ASTERIA,2024,['https://www.youtube.com/watch?v=XwS3v4VWyhg'],Bgm30,,unclassified,MapleStory
Shining Heart -full-,On Stage chair effect,3019147,ASTERIA,2023,['https://www.youtube.com/watch?v=nNgM_kp5GjM'],Bgm30,,unclassified,MapleStory
Shining Heart (Japanese),Angelic Buster's Pretty Exaltation skill,Pantheon,ASTERIA,2024,['https://www.youtube.com/watch?v=kxYkg8z01C0'],Bgm30,,unclassified,MapleStory
Shining Heart,Angelic Buster's Pretty Exaltation skill,Pantheon,ASTERIA,2023,['https://www.youtube.com/watch?v=tlJ8v4ZBegA'],Bgm30,,unclassified,MapleStory
Star Bubble -full-,Angelic Buster's On Stage skill,Pantheon,ASTERIA,2023,['https://www.youtube.com/watch?v=dlXrpq-6jHc'],Bgm30,,unclassified,MapleStory
Star Bubble -full- (Japanese),Angelic Buster's On Stage skill,Pantheon,ASTERIA,2024,['https://www.youtube.com/watch?v=TQX6KSZr68U'],Bgm30,,unclassified,MapleStory
The Photo,Xenon tutorial,Leben,Wizet,2012,['https://www.youtube.com/watch?v=wMyUZqe0Fus'],Bgm30,,unclassified,MapleStory
Underside,Xenon tutorial,Leben,Wizet,2012,['https://www.youtube.com/watch?v=pY1Du__m00w'],Bgm30,,unclassified,MapleStory
It's Monster's Life,Monster Life farm,FreeMarket,StudioEIM,2013,['https://www.youtube.com/watch?v=xGQTqjUJ3Rk'],Bgm31,,unclassified,MapleStory
It's Monster's Life 2,Monster Life farm,FreeMarket,StudioEIM,2013,['https://www.youtube.com/watch?v=KromtwCShMQ'],Bgm31,,unclassified,MapleStory
Journey,Monster Life release monsters,FreeMarket,StudioEIM,2013,['https://www.youtube.com/watch?v=RrUuiOV7DmY'],Bgm31,,unclassified,MapleStory
Scholar's Library,Monster Life: Jules' House,FreeMarket,StudioEIM,2013,['https://www.youtube.com/watch?v=Wmu3EmK7AWc'],Bgm31,,unclassified,MapleStory
Specialty Store,Monster Life store,FreeMarket,StudioEIM,2013,['https://www.youtube.com/watch?v=Mf0YGaqueqQ'],Bgm31,,unclassified,MapleStory
Specialty Store Remix,Monster Life special store,FreeMarket,StudioEIM,2013,['https://www.youtube.com/watch?v=hnWokhTVSO4'],Bgm31,,unclassified,MapleStory
The Colossal Heart,Stone Colossus Innards,Colossus,StudioEIM,2013,['https://www.youtube.com/watch?v=hX73YhOINKA'],Bgm32,,unclassified,MapleStory
The Living Mountain,Stone Colossus Body,Colossus,StudioEIM,2013,['https://www.youtube.com/watch?v=sW2zoOX8iUc'],Bgm32,,unclassified,MapleStory
The Raiders,Stone Colossus,Colossus,StudioEIM,2013,['https://www.youtube.com/watch?v=mVR37_LjJUk'],Bgm32,,unclassified,MapleStory
The Rush,Survival event minigame,MinigameStation,StudioEIM,2013,['https://www.youtube.com/watch?v=8DzLlqjEnxc'],Bgm32,,unclassified,MapleStory
Ariant in Mirror,Mirror World: Ariant,Ariant,StudioEIM,2013,['https://www.youtube.com/watch?v=UZxJ-3CgGzk'],Bgm33,,unclassified,MapleStory
Be Born Zero,Zero's Temple,ZeroTemple,StudioEIM,2013,['https://www.youtube.com/watch?v=_U9ZsV_XAQk'],Bgm33,,unclassified,MapleStory
Dispute in Mirror,Mirror World: Magatia,Magatia,StudioEIM,2013,['https://www.youtube.com/watch?v=znZUun0KOQU'],Bgm33,,unclassified,MapleStory
Edelstein City in Mirror,Mirror World: Edelstein,Edelstein,StudioEIM,2013,['https://www.youtube.com/watch?v=mJhPiB4Y1Sk'],Bgm33,,unclassified,MapleStory
Fantastic Thinking in Mirror,Mirror World: Ludibrium,Ludibrium,StudioEIM,2013,['https://www.youtube.com/watch?v=vt7XtPsFXpc'],Bgm33,,unclassified,MapleStory
Floral Life in Mirror,Mirror World: Henesys,Henesys,StudioEIM,2013,['https://www.youtube.com/watch?v=S4PuTY_-Fok'],Bgm33,,unclassified,MapleStory
Leafre in Mirror,Mirror World: Leafre,Leafre,StudioEIM,2013,['https://www.youtube.com/watch?v=w793cpc8XLA'],Bgm33,,unclassified,MapleStory
Mureung Hill in Mirror,Mirror World: Mu Lung,Murueng,StudioEIM,2013,['https://www.youtube.com/watch?v=w7qdOGixuX0'],Bgm33,,unclassified,MapleStory
Nasty Liar,"Shadowvale, Zero storyline",ShadowKnight,StudioEIM,2013,['https://www.youtube.com/watch?v=qyHoIl5-upc'],Bgm33,,unclassified,MapleStory
Red Room,Mirror World Control Room,RedTemple,StudioEIM,2013,['https://www.youtube.com/watch?v=9H-8e-OmtF4'],Bgm33,,unclassified,MapleStory
Red Room (Incomplete),Mirror World Control Room (Incomplete),RedTemple,StudioEIM,2013,['https://www.youtube.com/watch?v=jA3aul7iWOU'],Bgm33,,unclassified,MapleStory
Shadow Knight,"Shadow Knight theme, Zero storyline",ShadowKnight,StudioEIM,2013,['https://www.youtube.com/watch?v=TAzZTAiIrXI'],Bgm33,,unclassified,MapleStory
Shadow Temple,"Shadow Temple, Zero storyline",ShadowTemple,StudioEIM,2013,['https://www.youtube.com/watch?v=p5yJbSt24DY'],Bgm33,,unclassified,MapleStory
Smile Zero,Zero storyline gag scene,ZeroTemple,StudioEIM,2013,['https://www.youtube.com/watch?v=yVmqkZP2kX8'],Bgm33,,unclassified,MapleStory
Temple of Time in Mirror,Mirror World: Temple of Time,TimeTemple,StudioEIM,2013,['https://www.youtube.com/watch?v=zzPhXjk2dEM'],Bgm33,,unclassified,MapleStory
Against the Darkness,Black Mage's Room,MushroomVillage,StudioEIM,2013,['https://www.youtube.com/watch?v=r3bEoktbxtc'],Bgm34,,unclassified,MapleStory
Dimension Library,Grand Athenaeum,Library,StudioEIM,2013,['https://www.youtube.com/watch?v=rrPNjni4GuI'],Bgm34,,unclassified,MapleStory
Dimension Library (Original),Grand Athenaeum (Original),Library,StudioEIM,2013,['https://www.youtube.com/watch?v=XfHmfDcmbkQ'],Bgm34,,unclassified,MapleStory
Glacier Adventure,Riena Strait,glacierExplorer,StudioEIM,2013,['https://www.youtube.com/watch?v=BjIJTO2SFAk'],Bgm34,,unclassified,MapleStory
Go Fight! Show Your Energy!,Adventurer animation intro,MushroomVillage,StudioEIM,2013,['https://www.youtube.com/watch?v=40uWLqIu23s'],Bgm34,,unclassified,MapleStory
Maple Leaf,Maple Island,Amherst,StudioEIM,2013,['https://www.youtube.com/watch?v=9D7nLxP4w9A'],Bgm34,,unclassified,MapleStory
Mole King Rises,Mole King boss theme,fairyAcademy,StudioEIM,2013,['https://www.youtube.com/watch?v=9sZ8FsuXNjw'],Bgm34,,unclassified,MapleStory
Sailing,Sailing on the Riena Strait,glacierExplorer,StudioEIM,2013,['https://www.youtube.com/watch?v=Cejub3b907A'],Bgm34,,unclassified,MapleStory
The Aurora,Grand Athenaeum: Episode 1,Library,StudioEIM,2013,['https://www.youtube.com/watch?v=Y1EfnMGkgGs'],Bgm34,,unclassified,MapleStory
The Fairy Academy,Ellinel Fairy Academy,fairyAcademy,StudioEIM,2013,['https://www.youtube.com/watch?v=KqUdoX9r7KU'],Bgm34,,unclassified,MapleStory
The Fairy Forest,Ellinel Waterfront,fairyAcademy,StudioEIM,2013,['https://www.youtube.com/watch?v=2516kMhpTHA'],Bgm34,,unclassified,MapleStory
The Stormy Forest,Grand Athenaeum: Episode 1,Library,StudioEIM,2013,['https://www.youtube.com/watch?v=hf7bujCvxrI'],Bgm34,,unclassified,MapleStory
Wounded Leaf,Destroyed Maple Island,MushroomVillage,StudioEIM,2013,['https://www.youtube.com/watch?v=LRWgrELn4aU'],Bgm34,,unclassified,MapleStory
Hekaton,"Hekaton boss theme, Morass: Trueffet",critias,StudioEIM,2013,['https://www.youtube.com/watch?v=wQxSIH9n2vI'],Bgm35,,unclassified,MapleStory
In Ruin in Vain,Kritias,critias,StudioEIM,2013,['https://www.youtube.com/watch?v=D-suBwdKHB8'],Bgm35,,unclassified,MapleStory
Stop in Ends,Kritias - invasion,critias,StudioEIM,2013,['https://www.youtube.com/watch?v=UONe_XX9oNo'],Bgm35,,unclassified,MapleStory
Stop in Hundreds,Kritias - before invasion,critias,StudioEIM,2013,['https://www.youtube.com/watch?v=uPaP5SwULx0'],Bgm35,,unclassified,MapleStory
Tragic Forest,Kritias field - before invasion,critias,StudioEIM,2013,['https://www.youtube.com/watch?v=XLAlhsGXgxY'],Bgm35,,unclassified,MapleStory
Tragic Restart,Kritias field - invasion,critias,StudioEIM,2013,['https://www.youtube.com/watch?v=v6xiH8VbBKY'],Bgm35,,unclassified,MapleStory
Decision,Shade tutorial,TimeTemple,StudioEIM,2013,['https://www.youtube.com/watch?v=fajX5WR07mw'],Bgm36,,unclassified,MapleStory
Dominion,Night Walker's Dominion skill,Ereb,StudioEIM,2014,['https://www.youtube.com/watch?v=Or2OSeGbPV0'],Bgm36,,unclassified,MapleStory
Fox Village,Fox Point Village,foxvillage,StudioEIM,2013,['https://www.youtube.com/watch?v=lorm88ckSuM'],Bgm36,,unclassified,MapleStory
Happy Time,11th anniversary festival,MinigameStation,StudioEIM,2013,['https://www.youtube.com/watch?v=wzBIoro1jIs'],Bgm36,,unclassified,MapleStory
Happy Time (Short Version),Elite Boss bonus stage,FreeMarket,StudioEIM,2013,['https://www.youtube.com/watch?v=RknHVs7vDlw'],Bgm36,,unclassified,MapleStory
Forgotten Radiance,Shade's Reincarnated Fox God skill,foxvillage,ASTERIA,2024,['https://www.youtube.com/watch?v=SfnK7L_rHaU'],Bgm36,,unclassified,MapleStory
Royal Guard,Elite Boss theme,FreeMarket,StudioEIM,2013,['https://www.youtube.com/watch?v=ui4YM2l2i4o'],Bgm36,,unclassified,MapleStory
Sad Fox Village,Rainy Fox Point Village,foxvillage,StudioEIM,2013,['https://www.youtube.com/watch?v=4oNXYkRrf-g'],Bgm36,,unclassified,MapleStory
Amusing Story in the Fairytale,Tower of Oz boss theme,aquarisTower,StudioEIM,2014,['https://www.youtube.com/watch?v=ZnS7JgfB8DI'],Bgm37,,unclassified,MapleStory
Hazard from the Cave,"Tower of Oz - 26F, 27F, 34F",aquarisTower,StudioEIM,2014,['https://www.youtube.com/watch?v=STDN57rytW8'],Bgm37,,unclassified,MapleStory
Jungle in the Sea,"Tower of Oz: 11-14F, 33F, 48F",aquarisTower,StudioEIM,2014,['https://www.youtube.com/watch?v=_5qyICio6MQ'],Bgm37,,unclassified,MapleStory
Strange Sort of Story,"Tower of Oz: 47F, 49-50F, Dorothy boss theme",aquarisTower,StudioEIM,2014,['https://www.youtube.com/watch?v=AZU1lB4WrlU'],Bgm37,,unclassified,MapleStory
The Bottom of the Sea,"Tower of Oz shelter (5F, 15F, 25F, 35F, 45F)",aquarisTower,StudioEIM,2014,['https://www.youtube.com/watch?v=XPnJrBwv0zM'],Bgm37,,unclassified,MapleStory
Venture Into the Unknown,Tower of Oz lobby,aquarisTower,StudioEIM,2014,['https://www.youtube.com/watch?v=qr9eW2y2EJM'],Bgm37,,unclassified,MapleStory
Battlefield (First Spin-Off),FriendStory Dust Zone,spinOff1,StudioEIM,2014,['https://www.youtube.com/watch?v=6sn8HkQCe5U'],Bgm38,,unclassified,MapleStory
Flower Violeta,Mushroom Castle storyline conclusion,flowervioleta,StudioEIM,2014,['https://www.youtube.com/watch?v=OGyMx7IL8es'],Bgm38,,unclassified,MapleStory
Flower Violeta ~instrumental ver.~,Mushroom Castle storyline conclusion,flowervioleta,StudioEIM,2014,['https://www.youtube.com/watch?v=-mkp5uMyF5g'],Bgm38,,unclassified,MapleStory
Hollow Attack,Old Shinsoo Internation School building,spinOff1,StudioEIM,2014,['https://www.youtube.com/watch?v=uL-_-gH5lSs'],Bgm38,,unclassified,MapleStory
Life is Comedy,FriendStory gag scene,spinOff1,StudioEIM,2014,['https://www.youtube.com/watch?v=_XoSyxYJ0LI'],Bgm38,,unclassified,MapleStory
Mushroom Castle,Mushroom Castle,flowervioleta,StudioEIM,2014,['https://www.youtube.com/watch?v=eSfkxogXQRE'],Bgm38,,unclassified,MapleStory
School Life,Shinsoo International School,spinOff1,StudioEIM,2014,['https://www.youtube.com/watch?v=ZwgnBLjovlc'],Bgm38,,unclassified,MapleStory
School Life (Original),Shinsoo International School,spinOff1,StudioEIM,2014,['https://www.youtube.com/watch?v=WRL1IwOzW7A'],Bgm38,,unclassified,MapleStory
Urban Street,Shinsoo International School City Center,spinOff1,StudioEIM,2014,['https://www.youtube.com/watch?v=kW0ZN2ilLqs'],Bgm38,,unclassified,MapleStory
Viking Ship,Mushroom Castle: Viking Airship,flowervioleta,StudioEIM,2014,['https://www.youtube.com/watch?v=8BuKesi-Gc4'],Bgm38,,unclassified,MapleStory
Viking Skipper,Mushroom Castle: Black Viking's Quarters,flowervioleta,StudioEIM,2014,['https://www.youtube.com/watch?v=6gw2psbpUhI'],Bgm38,,unclassified,MapleStory
Mushroom Castle (War),Mushroom Castle walls,flowervioleta,StudioEIM,2014,['https://www.youtube.com/watch?v=QX9RozniVPU'],Bgm38,,unclassified,MapleStory
Star Planet: Invitation,Star Planet intro,Starplanet,StudioEIM,2014,['https://www.youtube.com/watch?v=K7eMwQl7vV8'],Bgm39,,unclassified,MapleStory
Master of Keyboard,Star Planet: Typing Defense,Starplanet,StudioEIM,2014,['https://www.youtube.com/watch?v=CRRtBbo6Z2E'],Bgm39,,unclassified,MapleStory
Star Planet: Game Field,Star Planet: Star Arena,Starplanet,StudioEIM,2014,['https://www.youtube.com/watch?v=j5cxr23pgZU'],Bgm39,,unclassified,MapleStory
Star Planet: Main Event,Star Planet,Starplanet,StudioEIM,2014,['https://www.youtube.com/watch?v=Heb9xARAX3U'],Bgm39,,unclassified,MapleStory
Star Planet: Wait Field,Star Planet: Lobby,Starplanet,StudioEIM,2014,['https://www.youtube.com/watch?v=ksPcC1AxIZA'],Bgm39,,unclassified,MapleStory
Star Planet: World Event,"Star Planet world minigame event (1vs100, etc.)",Starplanet,StudioEIM,2014,['https://www.youtube.com/watch?v=volCxW3z3CY'],Bgm39,,unclassified,MapleStory
Virtual Arena,Star Planet: Fight! Return of the Legends,Starplanet,StudioEIM,2014,['https://www.youtube.com/watch?v=63PYvVPs_k0'],Bgm39,,unclassified,MapleStory
Yut Yut Yut,Star Planet game in progress,Starplanet,StudioEIM,2014,['https://www.youtube.com/watch?v=mRXufsvyuUA'],Bgm39,,unclassified,MapleStory
Battle on the Deck,"Black Heaven - Lumiere, Scrapyard",BlockBuster,StudioEIM,2014,['https://www.youtube.com/watch?v=feA6jQxC864'],Bgm40,,unclassified,MapleStory
Black Heaven Theme,Black Heaven theme,BlockBuster,StudioEIM,2014,['https://www.youtube.com/watch?v=nc7c89g9WX4'],Bgm40,,unclassified,MapleStory
Black Heaven Theme ~parade ver.~,Black Heaven Act 3 aerial battle,BlockBuster,StudioEIM,2014,['https://www.youtube.com/watch?v=m59uvLafIho'],Bgm40,,unclassified,MapleStory
Hero Comes,Black Heaven deck battle,BlockBuster,StudioEIM,2014,['https://www.youtube.com/watch?v=IqhZkkryonU'],Bgm40,,unclassified,MapleStory
Junkyard,"Black Heaven storyline, Scrapyard",BlockBuster,StudioEIM,2014,['https://www.youtube.com/watch?v=kpcYbzQi3uk'],Bgm40,,unclassified,MapleStory
Rabbit's Dream,Black Heaven Act 1 - Orchid's Mindscape,BlockBuster,StudioEIM,2014,['https://www.youtube.com/watch?v=MbSWDtzDTck'],Bgm40,,unclassified,MapleStory
Secret Mission,Black Heaven storyline,BlockBuster,StudioEIM,2014,['https://www.youtube.com/watch?v=8lmO_tHH3h0'],Bgm40,,unclassified,MapleStory
Secret Mission Base,Black Heaven storyline,BlockBuster,StudioEIM,2014,['https://www.youtube.com/watch?v=hmd6QnJPpzg'],Bgm40,,unclassified,MapleStory
The Doll Master,Black Heaven - Francis' theme,BlockBuster,StudioEIM,2014,['https://www.youtube.com/watch?v=ym6KQQdL5tE'],Bgm40,,unclassified,MapleStory
Big Machine,"Black Heaven interior, Scrapyard",BlockBuster,StudioEIM,2014,['https://www.youtube.com/watch?v=UtnaLTZSQhc'],Bgm41,,unclassified,MapleStory
Big Machine Mission,"Black Heaven interior, Scrapyard",BlockBuster,StudioEIM,2014,['https://www.youtube.com/watch?v=ztmts8aQ2eI'],Bgm41,,unclassified,MapleStory
Gravity Core,Lotus boss theme (Phase 1),BlockBuster,StudioEIM,2014,['https://www.youtube.com/watch?v=pioNmMn2L5Q'],Bgm41,,unclassified,MapleStory
Gravity Lord,Lotus boss theme (Phase 2),BlockBuster,StudioEIM,2014,['https://www.youtube.com/watch?v=mVv9bsnDDz8'],Bgm41,,unclassified,MapleStory
Gravity Lord Rise,Lotus boss theme (Phase 3),BlockBuster,StudioEIM,2014,['https://www.youtube.com/watch?v=zhZ5IpkghWw'],Bgm41,,unclassified,MapleStory
Haven Theme,Scrapyard,Haven,StudioEIM,2015,['https://www.youtube.com/watch?v=GgTVmLfhYnA'],Bgm41,,unclassified,MapleStory
Heaven Again,Black Heaven epilogue,BlockBuster,StudioEIM,2014,['https://www.youtube.com/watch?v=vVcbVrfH4NE'],Bgm41,,unclassified,MapleStory
Heaven Again ~reprise~,Black Heaven epilogue,BlockBuster,StudioEIM,2014,['https://www.youtube.com/watch?v=WdC3AVPb6Ds'],Bgm41,,unclassified,MapleStory
Promise of Heaven,Black Heaven ending credits,BlockBuster,StudioEIM,2014,['https://www.youtube.com/watch?v=7C4s3ZttoiQ'],Bgm41,,unclassified,MapleStory
Promise of Heaven ~instrumental~,Black Heaven ending credits,BlockBuster,StudioEIM,2014,['https://www.youtube.com/watch?v=usGdjxNEf2E'],Bgm41,,unclassified,MapleStory
Intruder Detection,Lotus - Phase 1 (2024),BlockBuster,ASTERIA,2024,['https://www.youtube.com/watch?v=PPgbQhR6eGQ'],Bgm41,,unclassified,MapleStory
Extinction Mode,Lotus - Phase 2 (2024),BlockBuster,ASTERIA,2024,['https://www.youtube.com/watch?v=0sRMWVziq7Q'],Bgm41,,unclassified,MapleStory
Gravity Lord Revive,Lotus - Phase 3 (2024),BlockBuster,ASTERIA,2024,['https://www.youtube.com/watch?v=t7e8fazlIPw'],Bgm41,,unclassified,MapleStory
Catch Your Dreams!,FriendStory Rock & Roll theme song,spinOff1,StudioEIM,2015,['https://www.youtube.com/watch?v=4mVj4qHNLso'],Bgm42,,unclassified,MapleStory
Catch Your Dreams! ~Japanese ver.~,FriendStory Rock & Roll theme song (Japanese),spinOff1,StudioEIM,2015,['https://www.youtube.com/watch?v=ZJJvowmQ7uQ'],Bgm42,,unclassified,MapleStory
Catch Your Dreams! ~instrumental~,FriendStory Rock & Roll - Chapter 6 cleared,spinOff1,StudioEIM,2015,['https://www.youtube.com/watch?v=IkSVdHl2WOs'],Bgm42,,unclassified,MapleStory
Demon's Eye,FriendStory Rock & Roll - Damien's first performance,spinOff1,StudioEIM,2015,['https://www.youtube.com/watch?v=m7-KSFVZJzk'],Bgm42,,unclassified,MapleStory
Demon's Eye 2,FriendStory Rock & Roll - Damien's concert performance,spinOff1,StudioEIM,2015,['https://www.youtube.com/watch?v=RaXC3bWEYFc'],Bgm42,,unclassified,MapleStory
The Beast,FriendStory Rock & Roll - guitar minigame against Damien,spinOff1,StudioEIM,2015,['https://www.youtube.com/watch?v=317XVLPaHnY'],Bgm42,,unclassified,MapleStory
The Beast 2,FriendStory Rock & Roll - battle against Damien's Rock Zombies,spinOff1,StudioEIM,2015,['https://www.youtube.com/watch?v=axRaC6qDdLk'],Bgm42,,unclassified,MapleStory
Dancing with Ghosts,Ghost Park: Ghost House,GhostPark,StudioEIM,2015,['https://www.youtube.com/watch?v=vX0bkXNtX0g'],Bgm43,,unclassified,MapleStory
Kinesis Theme I,"Kinesis theme 1, storyline",MSTown,StudioEIM,2015,['https://www.youtube.com/watch?v=YAe-JrI0fms'],Bgm43,,unclassified,MapleStory
Kinesis Theme II,"Kinesis theme 2, storyline",MSTown,StudioEIM,2015,['https://www.youtube.com/watch?v=MmWrqpV7f0Q'],Bgm43,,unclassified,MapleStory
Kinesis Theme Skill,Kinesis' Mental Overdrive skill,MSTown,StudioEIM,2019,['https://www.youtube.com/watch?v=I1KQv48Y34U'],Bgm43,,unclassified,MapleStory
Monster World,12th anniversary: Monster Treasure Village,12th,StudioEIM,2015,['https://www.youtube.com/watch?v=ggKgPsrIfnI'],Bgm43,,unclassified,MapleStory
Skyscraper,Kinesis' City (Day),MSTown,StudioEIM,2015,['https://www.youtube.com/watch?v=ZmkzRBeqCYQ'],Bgm43,,unclassified,MapleStory
This Too Shall Pass Away,Korean Folk Town sad theme,Folkvillige,StudioEIM,2015,['https://www.youtube.com/watch?v=_2LRgRV1J_8'],Bgm43,,unclassified,MapleStory
Treasure Game Multi,12th anniversary meso shower (multi),12th,StudioEIM,2015,['https://www.youtube.com/watch?v=lKkP-hCo6I0'],Bgm43,,unclassified,MapleStory
Treasure Game Single,12th anniversary meso shower (single),12th,StudioEIM,2015,['https://www.youtube.com/watch?v=uUVOC0f5QBs'],Bgm43,,unclassified,MapleStory
Unexpected Crisis,Korean Folk Town storyline,Folkvillige,StudioEIM,2015,['https://www.youtube.com/watch?v=bmkAphpVa0s'],Bgm43,,unclassified,MapleStory
Unknown Part of City,Kinesis' City (Night),MSTown,StudioEIM,2015,['https://www.youtube.com/watch?v=RplLRguFptU'],Bgm43,,unclassified,MapleStory
Unleash,Kinesis' Unleashed skill,MSTown,ASTERIA,2025,['https://www.youtube.com/watch?v=sCaXv3Tb9Is'],Bgm43,,unclassified,MapleStory
Welcome to the Creepy Ghost Park,Ghost Park,GhostPark,StudioEIM,2015,['https://www.youtube.com/watch?v=UHBxoHVKePs'],Bgm43,,unclassified,MapleStory
Desperately,Ursus boss theme (Phase 4),Urus,StudioEIM,2015,['https://www.youtube.com/watch?v=vZybFbSlUgc'],Bgm44,,unclassified,MapleStory
She Sells a Lucky Thing,Ursus entrance map,Urus,StudioEIM,2015,['https://www.youtube.com/watch?v=60pIpRzbMBg'],Bgm44,,unclassified,MapleStory
The King of Destruction,Ursus boss theme (Phase 1),Urus,StudioEIM,2015,['https://www.youtube.com/watch?v=krltH4ZKh04'],Bgm44,,unclassified,MapleStory
The King of Destruction (Original Version),Ursus boss theme (Phase 1),Urus,StudioEIM,2015,['https://www.youtube.com/watch?v=23CSJNc0Vd8'],Bgm44,,unclassified,MapleStory
The Silent War,Ursus boss theme (Phase 2),Urus,StudioEIM,2015,['https://www.youtube.com/watch?v=AC6D15z_1pU'],Bgm44,,unclassified,MapleStory
Wild Fury,Ursus boss theme (Phase 3),Urus,StudioEIM,2015,['https://www.youtube.com/watch?v=mx-yZp8nC9A'],Bgm44,,unclassified,MapleStory
Wild Fury (Original Version),Ursus boss theme (Phase 3),Urus,StudioEIM,2015,['https://www.youtube.com/watch?v=f9gy70JX_8c'],Bgm44,,unclassified,MapleStory
Anthem for Heroes,Heroes of Maple - Act 2 Evan's Awakening,HofM,StudioEIM,2016,['https://www.youtube.com/watch?v=4yW_ZefIg6Y'],Bgm45,,unclassified,MapleStory
Army of Fears Theme,Heroes of Maple - Demon Army theme,HofM,StudioEIM,2015,['https://www.youtube.com/watch?v=DzyjPxP0GSg'],Bgm45,,unclassified,MapleStory
Climbing Up the World Tree,"Heroes of Maple Act 4, Dark World Tree",fallenWorldTree,StudioEIM,2016,['https://www.youtube.com/watch?v=fxUpCkGlrKE'],Bgm45,,unclassified,MapleStory
The Tragic Fate of Demian,Damien boss theme (Phase 1),HofM,ASTERIA,2016,['https://www.youtube.com/watch?v=hQGygfdaZrc'],Bgm45,,unclassified,MapleStory
Demian Spine,Damien boss theme (Awakening),HofM,ASTERIA,2016,['https://www.youtube.com/watch?v=fQSf3-SpylY'],Bgm45,,unclassified,MapleStory
Corrupted Blood,Damien boss theme (Phase 2),HofM,ASTERIA,2016,['https://www.youtube.com/watch?v=do6QC9kkmv4'],Bgm45,,unclassified,MapleStory
Endless Journey,Heroes of Maple - Act 2 Abraxas,HofM,StudioEIM,2016,['https://www.youtube.com/watch?v=qI2Q1iIIsEo'],Bgm45,,unclassified,MapleStory
God of Control - Lobby,Maple Runner lobby,godOfControl,StudioEIM,2016,['https://www.youtube.com/watch?v=-XJ7T-4uGzE'],Bgm45,,unclassified,MapleStory
God of Control - Stage,Maple Runner stage,godOfControl,StudioEIM,2016,['https://www.youtube.com/watch?v=7rJDdM2cfLU'],Bgm45,,unclassified,MapleStory
Heroes of Maple Theme,Heroes of Maple theme,HofM,StudioEIM,2015,['https://www.youtube.com/watch?v=Vw_FeI2nL_c'],Bgm45,,unclassified,MapleStory
Heroes of Maple Theme ~piano~,Heroes of Maple - Act 4 Demon & Damien,HofM,StudioEIM,2015,['https://www.youtube.com/watch?v=kMW_CaKNrRY'],Bgm45,,unclassified,MapleStory
Jazz for Dr. Lim,Heroes of Maple - Act 3 Cosmic Museum,HofM,StudioEIM,2016,['https://www.youtube.com/watch?v=tKQaAZETKOE'],Bgm45,,unclassified,MapleStory
Pain and Sorrow,"Heroes of Maple - Act 1 Afrien's Death, Dark World Tree",HofM,StudioEIM,2015,['https://www.youtube.com/watch?v=SFaKLwz4blA'],Bgm45,,unclassified,MapleStory
Pain to Hope,Heroes of Maple epilogue,HofM,StudioEIM,2016,['https://www.youtube.com/watch?v=9RuNBojwKSQ'],Bgm45,,unclassified,MapleStory
Showtime!,Heroes of Maple storyline,HofM,StudioEIM,2015,['https://www.youtube.com/watch?v=9C4zWKiEnsc'],Bgm45,,unclassified,MapleStory
The Devil is Coming,Heroes of Maple - Act 3 Alicia scene,HofM,StudioEIM,2016,['https://www.youtube.com/watch?v=sywBzeuMOHc'],Bgm45,,unclassified,MapleStory
Through the Blizzard,Heroes of Maple - Act 1 Slumbering Dragon Island,HofM,StudioEIM,2015,['https://www.youtube.com/watch?v=5Bb-cQC5Uvo'],Bgm45,,unclassified,MapleStory
Time is Gold,Heroes of Maple - Act 2 Abraxas trap,HofM,StudioEIM,2016,['https://www.youtube.com/watch?v=VG9eRCsqBjo'],Bgm45,,unclassified,MapleStory
Timeless Beholder,Heroes of Maple - Act 2 Abraxas,HofM,StudioEIM,2016,['https://www.youtube.com/watch?v=auVY17lLXmU'],Bgm45,,unclassified,MapleStory
Travelers,Heroes of Maple ending credits,HofM,StudioEIM,2016,['https://www.youtube.com/watch?v=CT5bI5PoUDA'],Bgm45,,unclassified,MapleStory
Dream Fragments,Lucid boss theme (Phase 2),Lacheln,ASTERIA,2016,['https://www.youtube.com/watch?v=PfCojbDYtBo'],Bgm46,,unclassified,MapleStory
The Cave of Peace,Road of Vanishing: Cave of Rest,Road of Vanishing,ASTERIA,2016,['https://www.youtube.com/watch?v=mRV7syEa_jk'],Bgm46,,unclassified,MapleStory
Expedition to Chew Chew Island,Chu Chu Island,ChewChew,ASTERIA,2016,['https://www.youtube.com/watch?v=465_AD3LvwM'],Bgm46,,unclassified,MapleStory
Welcome to Chew Chew Island,Chu Chu Island field,ChewChew,ASTERIA,2016,['https://www.youtube.com/watch?v=pwfLT4LJkSA'],Bgm46,,unclassified,MapleStory
Shattered Time,Lachelein Clocktower,Lacheln,ASTERIA,2016,['https://www.youtube.com/watch?v=h_jJjw1TPyY'],Bgm46,,unclassified,MapleStory
"Lacheln, The City of Dreams",Lachelein,Lacheln,ASTERIA,2016,['https://www.youtube.com/watch?v=OXAYmDr0fY0'],Bgm46,,unclassified,MapleStory
Lake of Oblivion,Road of Vanishing,Road of Vanishing,ASTERIA,2016,['https://www.youtube.com/watch?v=xW4ypmROvz0'],Bgm46,,unclassified,MapleStory
Volcanic Mountain,Road of Vanishing: Flame Zone of Extinction,Road of Vanishing,ASTERIA,2016,['https://www.youtube.com/watch?v=TihEE_rTcW4'],Bgm46,,unclassified,MapleStory
Phantasmal Woods,Lucid boss theme (Phase 1),Lacheln,ASTERIA,2016,['https://www.youtube.com/watch?v=pEna89Xk90U'],Bgm46,,unclassified,MapleStory
Shadow of Incongruity,Arcana: Labyrinthine Cavern,Arcana,ASTERIA,2017,['https://www.youtube.com/watch?v=egACrpCsMwE'],Bgm47,,unclassified,MapleStory
Asylum,Sanctuary,Asylum,ASTERIA,2017,['https://www.youtube.com/watch?v=5w8K5mrou8w'],Bgm47,,unclassified,MapleStory
Asylum Ambience,Sanctuary,Asylum,ASTERIA,2017,['https://www.youtube.com/watch?v=kXfuOlqqH38'],Bgm47,,unclassified,MapleStory
Asylum Ambience -piano-,Sanctuary,Asylum,ASTERIA,2017,['https://www.youtube.com/watch?v=-xsqIwCHHnA'],Bgm47,,unclassified,MapleStory
Asylum -piano-,Sanctuary,Asylum,ASTERIA,2017,['https://www.youtube.com/watch?v=pamYmvKS0uU'],Bgm47,,unclassified,MapleStory
Crystal Academia,Sanctuary: Crystal Academy,Asylum,ASTERIA,2017,['https://www.youtube.com/watch?v=5wZYN1yy8l0'],Bgm47,,unclassified,MapleStory
Dances with Aliens,Omega Sector: Inside the Mothership,OmegaSector,ASTERIA,2017,['https://www.youtube.com/watch?v=14B3XZLxKZM'],Bgm47,,unclassified,MapleStory
Death of Asylum,Sanctuary: Crystal Academy invasion,Asylum,ASTERIA,2017,['https://www.youtube.com/watch?v=W3PLmFx6emk'],Bgm47,,unclassified,MapleStory
Death of Asylum -choir-,Sanctuary invasion,Asylum,ASTERIA,2017,['https://www.youtube.com/watch?v=pvlyUuisSBY'],Bgm47,,unclassified,MapleStory
Death of Asylum -choir extended-,Sanctuary invasion,Asylum,ASTERIA,2017,['https://www.youtube.com/watch?v=kdpm4JVZ9gg'],Bgm47,,unclassified,MapleStory
"Go, Go! Rangers!",Omega Sector storyline,OmegaSector,ASTERIA,2017,['https://www.youtube.com/watch?v=A779SL-WbfM'],Bgm47,,unclassified,MapleStory
Hunting Ground,Savage Terminal field,SavageTerminal,ASTERIA,2017,['https://www.youtube.com/watch?v=ptB715RqrEE'],Bgm47,,unclassified,MapleStory
Illium Rebirth,Illium's awakening,Asylum,ASTERIA,2017,['https://www.youtube.com/watch?v=wb7ycqo8WAw'],Bgm47,,unclassified,MapleStory
Mr. Hazard,Savage Terminal: Mr. Hazard's Lair,SavageTerminal,ASTERIA,2017,['https://www.youtube.com/watch?v=lr9320Tq2_E'],Bgm47,,unclassified,MapleStory
Savage Terminal,Savage Terminal,SavageTerminal,ASTERIA,2017,['https://www.youtube.com/watch?v=USf5VrWCrSk'],Bgm47,,unclassified,MapleStory
The Tune of the Azure Light,Arcana,Arcana,ASTERIA,2017,['https://www.youtube.com/watch?v=e8H5hcHA6T8'],Bgm47,,unclassified,MapleStory
The Tune of the Azure Light -gleam-,Arcana,Arcana,ASTERIA,2017,['https://www.youtube.com/watch?v=rdDtnDmKQtY'],Bgm47,,unclassified,MapleStory
Vacuum Cleaner,Omega Sector: OMNI-CLN boss theme,OmegaSector,ASTERIA,2017,['https://www.youtube.com/watch?v=Ksn6CsFK6n0'],Bgm47,,unclassified,MapleStory
Black Dungeon,Morass dungeon,Morass,ASTERIA,2017,['https://www.youtube.com/watch?v=PX7VGJ51raw'],Bgm48,,unclassified,MapleStory
Doomsday,Ark storyline,verdel,ASTERIA,2017,['https://www.youtube.com/watch?v=L9RYGQYiaSU'],Bgm48,,unclassified,MapleStory
Doomsday -loop-,Ark storyline,verdel,ASTERIA,2017,['https://www.youtube.com/watch?v=v-fmYBMhh88'],Bgm48,,unclassified,MapleStory
Evening Primrose,Grand Athenaeum: Episode 5,Library,ASTERIA,2017,['https://www.youtube.com/watch?v=xtVCiy99OMY'],Bgm48,,unclassified,MapleStory
Forgotten Names,Grand Athenaeum: Episode 4,Library,ASTERIA,2017,['https://www.youtube.com/watch?v=cplA5pbGHEQ'],Bgm48,,unclassified,MapleStory
Glory Wing,Illium's Wings of Glory skill,Asylum,ASTERIA,2017,['https://www.youtube.com/watch?v=W_7Rx3xW7as'],Bgm48,,unclassified,MapleStory
Recollecting Memories,Ark storyline - Ark & Albert cutscene,verdel,ASTERIA,2018,['https://www.youtube.com/watch?v=v9AwgX1MvIY'],Bgm48,,unclassified,MapleStory
Memory of Kritias,Morass: Trueffet,Morass,ASTERIA,2017,['https://www.youtube.com/watch?v=McglYq6k4eU'],Bgm48,,unclassified,MapleStory
No Name,Grand Athenaeum: Episode 4,Library,ASTERIA,2017,['https://www.youtube.com/watch?v=GWmkLaruTag'],Bgm48,,unclassified,MapleStory
Nowhere,Grand Athenaeum: Episode 4,Library,ASTERIA,2017,['https://www.youtube.com/watch?v=WhV0PwOpllQ'],Bgm48,,unclassified,MapleStory
Outpost,Tenebris: Maple Alliance Outpost,aliance,ASTERIA,2018,['https://www.youtube.com/watch?v=RXzIAPda5Aw'],Bgm48,,unclassified,MapleStory
Over the Clouds,Fox Valley,foxValley,ASTERIA,2017,['https://www.youtube.com/watch?v=cr2MX1Qi30Q'],Bgm48,,unclassified,MapleStory
Over the Clouds -rhythmic-,Fox Valley storyline,foxValley,ASTERIA,2017,['https://www.youtube.com/watch?v=U5QEX53p7WQ'],Bgm48,,unclassified,MapleStory
"Swamp of Memory, Morass",Morass: Coral Forest,Morass,ASTERIA,2017,['https://www.youtube.com/watch?v=wxKpwjrQKGg'],Bgm48,,unclassified,MapleStory
Verdel Dungeon,Verdel: Desert Cavern,verdel,ASTERIA,2017,['https://www.youtube.com/watch?v=C7P2IenIZYQ'],Bgm48,,unclassified,MapleStory
Verdel Field,Verdel: Sandstorm Zone,verdel,ASTERIA,2017,['https://www.youtube.com/watch?v=LEu4UOPN_Oc'],Bgm48,,unclassified,MapleStory
Verdel Town,Verdel,verdel,ASTERIA,2017,['https://www.youtube.com/watch?v=p83BhMpHd9A'],Bgm48,,unclassified,MapleStory
Way Back Home,Grand Athenaeum: Episode 4,Library,ASTERIA,2017,['https://www.youtube.com/watch?v=Zb3MV2pIvgM'],Bgm48,,unclassified,MapleStory
The Bloody Cage,Will boss theme (Phase 3),esfera,ASTERIA,2018,['https://www.youtube.com/watch?v=dmo6oB4mFiY'],Bgm49,,unclassified,MapleStory
The Bloody Cage (Original),Will boss theme (Phase 3),esfera,ASTERIA,2018,['https://www.youtube.com/watch?v=bJHTXa3HfTs'],Bgm49,,unclassified,MapleStory
Contaminated Sea,Esfera: Mirror-touched Sea,esfera,ASTERIA,2018,['https://www.youtube.com/watch?v=F_X8tsNGY-4'],Bgm49,,unclassified,MapleStory
Contaminated Sea (Original),Esfera: Mirror-touched Sea,esfera,ASTERIA,2018,['https://www.youtube.com/watch?v=v5a6MrDwMGI'],Bgm49,,unclassified,MapleStory
Depth of Pain,Verus Hilla boss theme,TheLabyrinthOfSuffering,ASTERIA,2018,['https://www.youtube.com/watch?v=ltnG3UumSro'],Bgm49,,unclassified,MapleStory
Diffraction,Will boss theme (Phase 1),esfera,ASTERIA,2018,['https://www.youtube.com/watch?v=MkXfT5oIfaU'],Bgm49,,unclassified,MapleStory
Dusk Hallucination,Moonbridge: Giant Monster Gloom darkness phase,moonBridge,ASTERIA,2020,['https://www.youtube.com/watch?v=viCU4NLisxg'],Bgm49,,unclassified,MapleStory
Eternal Swamp,Labyrinth of Suffering: Eternal Swamp,TheLabyrinthOfSuffering,ASTERIA,2018,['https://www.youtube.com/watch?v=WmjjFgyjyWs'],Bgm49,,unclassified,MapleStory
Ferocious Battlefield,Moonbridge: Giant Monster Gloom boss theme,moonBridge,ASTERIA,2018,['https://www.youtube.com/watch?v=XemCyUtgfnE'],Bgm49,,unclassified,MapleStory
Ferocious Battlefield -loop-,Moonbridge: Giant Monster Gloom cutscene,moonBridge,ASTERIA,2018,['https://www.youtube.com/watch?v=kXt2NUTc4hE'],Bgm49,,unclassified,MapleStory
Ferocious Battlefield -riser edit-,Moonbridge: Giant Monster Gloom cutscene,moonBridge,ASTERIA,2018,['https://www.youtube.com/watch?v=40VT7lX6mls'],Bgm49,,unclassified,MapleStory
Ferocious Battlefield -short edit-,Moonbridge: Giant Monster Gloom cutscene,moonBridge,ASTERIA,2018,['https://www.youtube.com/watch?v=pChXt3dZUDw'],Bgm49,,unclassified,MapleStory
Heart of Suffering,Labyrinth of Suffering: Heart of Suffering,TheLabyrinthOfSuffering,ASTERIA,2018,['https://www.youtube.com/watch?v=HkmeS-O3Tho'],Bgm49,,unclassified,MapleStory
Mirror Cage,Will boss theme (Phase 2),esfera,ASTERIA,2018,['https://www.youtube.com/watch?v=p-N2Go2PL4g'],Bgm49,,unclassified,MapleStory
Mirror Cage (Original),Will boss theme (Phase 2),esfera,ASTERIA,2018,['https://www.youtube.com/watch?v=wYEwDC5FfrM'],Bgm49,,unclassified,MapleStory
Secret Labyrinth,Labyrinth of Suffering,TheLabyrinthOfSuffering,ASTERIA,2018,['https://www.youtube.com/watch?v=HJtvsDPjvo4'],Bgm49,,unclassified,MapleStory
A Place Where Life Begins,Esfera: Living Spring,esfera,ASTERIA,2018,['https://www.youtube.com/watch?v=BZvty--jyIw'],Bgm49,,unclassified,MapleStory
A Place Where Life Begins (Original),Esfera: Living Spring,esfera,ASTERIA,2018,['https://www.youtube.com/watch?v=Imu86Ef3ICY'],Bgm49,,unclassified,MapleStory
Strange Fog,Moonbridge: Unknown Mist,moonBridge,ASTERIA,2018,['https://www.youtube.com/watch?v=ILeMjtZJBJs'],Bgm49,,unclassified,MapleStory
Le Temple du Miroir,Esfera: Radiant Temple,esfera,ASTERIA,2018,['https://www.youtube.com/watch?v=3vsyU0DHYxo'],Bgm49,,unclassified,MapleStory
Le Temple du Miroir (Original),Esfera: Radiant Temple,esfera,ASTERIA,2018,['https://www.youtube.com/watch?v=-tLsmmRE2tk'],Bgm49,,unclassified,MapleStory
War Cloud,Moonbridge,moonBridge,ASTERIA,2018,['https://www.youtube.com/watch?v=Vo8UXVu-6vM'],Bgm49,,unclassified,MapleStory
Wave of Emptiness,Moonbridge: Wave of Emptiness,moonBridge,ASTERIA,2018,['https://www.youtube.com/watch?v=iD0kXTHSc5Y'],Bgm49,,unclassified,MapleStory
Black Fury,Limina: Near the End,Limen,ASTERIA,2018,['https://www.youtube.com/watch?v=nXXepZt8Z3g'],Bgm50,,unclassified,MapleStory
Lost Space,Black Mage boss theme (Phase 4),Limen,ASTERIA,2018,['https://www.youtube.com/watch?v=8XP6WdWNaCg'],Bgm50,,unclassified,MapleStory
"New Beginning, Not the End",Black Mage battle - ending scene,Limen,ASTERIA,2018,['https://www.youtube.com/watch?v=rBKa0sL4vfQ'],Bgm50,,unclassified,MapleStory
Subterminal Point,Limina: Guard Captain Darknell boss theme,Limen,ASTERIA,2018,['https://www.youtube.com/watch?v=b1fOmkiX7Pg'],Bgm50,,unclassified,MapleStory
Tears of the World,Limina,Limen,ASTERIA,2018,['https://www.youtube.com/watch?v=x9RBWQiDTkQ'],Bgm50,,unclassified,MapleStory
Temple of Darkness,Black Mage boss theme (Phase 1),Limen,ASTERIA,2018,['https://www.youtube.com/watch?v=uJU2L5oVGrg'],Bgm50,,unclassified,MapleStory
The World's End,Limina: Where the World Ends,Limen,ASTERIA,2018,['https://www.youtube.com/watch?v=yQhYvQBmkro'],Bgm50,,unclassified,MapleStory
Throne of Darkness,Black Mage boss theme (Phase 2),Limen,ASTERIA,2018,['https://www.youtube.com/watch?v=KT5nP_ell8Y'],Bgm50,,unclassified,MapleStory
World Horizon,Black Mage boss theme (Phase 3),Limen,ASTERIA,2018,['https://www.youtube.com/watch?v=NX0_FISZhcA'],Bgm50,,unclassified,MapleStory
Battle Horizon,Battle Horizon event,BattleHorizon,ASTERIA,2019,['https://www.youtube.com/watch?v=u4NhFBzD5qg'],Bgm51,,unclassified,MapleStory
Los Gurugers,Savage Terminal: Polluted Sewer,SavageTerminal,ASTERIA,2018,['https://www.youtube.com/watch?v=Kx4OwM2gcfA'],Bgm51,,unclassified,MapleStory
Luen's House,Secret Forest Elodin: Luen's House,Elodin,ASTERIA,2019,['https://www.youtube.com/watch?v=P8SFaafyKSo'],Bgm51,,unclassified,MapleStory
Immortal Gorgons,Maple Squad: Immortal Gorgons event,ADSquad,ASTERIA,2019,['https://www.youtube.com/watch?v=fEBYirzkjOI'],Bgm51,,unclassified,MapleStory
Mysterious Totem in the Jungle,Bounty Hunter portals,Partem,ASTERIA,2022,['https://www.youtube.com/watch?v=jRV5PAqIzc0'],Bgm51,,unclassified,MapleStory
Pathfinder,Pathfinder tutorial,Partem,ASTERIA,2019,['https://www.youtube.com/watch?v=Wt9qVpmSvN0'],Bgm51,,unclassified,MapleStory
Relic Evolution,Pathfinder's Relic Evolution skill,Partem,ASTERIA,2021,['https://www.youtube.com/watch?v=ZaNV4dAHSdU'],Bgm51,,unclassified,MapleStory
Secret Elodin,Secret Forest Elodin,Elodin,ASTERIA,2019,['https://www.youtube.com/watch?v=VOD3PtOQr2Q'],Bgm51,,unclassified,MapleStory
The Partem Ruins,Partem Ruins,Partem,ASTERIA,2019,['https://www.youtube.com/watch?v=wK8Q1d3Rzbs'],Bgm51,,unclassified,MapleStory
The Village of Karupa,Partem,Partem,ASTERIA,2019,['https://www.youtube.com/watch?v=UGcwgTaX5-c'],Bgm51,,unclassified,MapleStory
Borderless,Cernium: Border of Worlds,Cernium,ASTERIA,2019,['https://www.youtube.com/watch?v=qTycdjpeWyQ'],Bgm52,,unclassified,MapleStory
Journey -Music Box ver.-,MapleStory Glory: The Day After (Mercedes cutscene),Eurel,ASTERIA,2019,['https://www.youtube.com/watch?v=_OI6K5yQ1-0'],Bgm52,,unclassified,MapleStory
Liberated Edelstein City,MapleStory Glory: The Day After (Resistance cutscene),Edelstein,ASTERIA,2019,['https://www.youtube.com/watch?v=lWUVqxA1IqM'],Bgm52,,unclassified,MapleStory
Adele's Oath Infinite,Adele's Infinite skill,Ristonia,ASTERIA,2020,['https://www.youtube.com/watch?v=U2YERB4MjQ8'],Bgm53,,unclassified,MapleStory
Adele's Oath,Adele storyline cutscene,Ristonia,ASTERIA,2020,['https://www.youtube.com/watch?v=CHHMxYwvVbI'],Bgm53,,unclassified,MapleStory
Adele's Oath Infinite (Original),Adele's Infinite skill,Ristonia,ASTERIA,2020,['https://www.youtube.com/watch?v=I-KQr-0CO6I'],Bgm53,,unclassified,MapleStory
Apostles,Cernium,Cernium,ASTERIA,2019,['https://www.youtube.com/watch?v=a7j3BzzaBAo'],Bgm53,,unclassified,MapleStory
Awakening of Old God,Seren - Phase 1,Cernium,Initium SoundLab,2021,['https://www.youtube.com/watch?v=mD7YFjm5RpM'],Bgm53,,unclassified,MapleStory
Battle of Cernium,Cernium,Cernium_After,ASTERIA,2019,['https://www.youtube.com/watch?v=nT7AAW7mcno'],Bgm53,,unclassified,MapleStory
Burning City,Cernium,Cernium,ASTERIA,2019,['https://www.youtube.com/watch?v=4MBimZxNzyI'],Bgm53,,unclassified,MapleStory
Cheong Un,Cheongungol,CheongUn,ASTERIA,2019,['https://www.youtube.com/watch?v=ImQIyXc6Fno'],Bgm53,,unclassified,MapleStory
Creepy Temple,Cheongungol Temple,CheongUn,ASTERIA,2019,['https://www.youtube.com/watch?v=6DB9S6eShJQ'],Bgm53,,unclassified,MapleStory
For Einherjar,Adele storyline - recollection,Ristonia,ESTIMATE,2020,['https://www.youtube.com/watch?v=JaoG3psmavI'],Bgm53,,unclassified,MapleStory
Graveyard of Sword,Cernium: Tomb of the Sword,Cernium,ASTERIA,2019,['https://www.youtube.com/watch?v=pXXSOthPMnY'],Bgm53,,unclassified,MapleStory
Holy War,Cernium,Cernium,ASTERIA,2019,['https://www.youtube.com/watch?v=x9VphRAvnno'],Bgm53,,unclassified,MapleStory
Masked Heart,Ristonia Mansion,Ristonia,ASTERIA,2020,['https://www.youtube.com/watch?v=01ZKfnYCBNg'],Bgm53,,unclassified,MapleStory
Overlord of Life,Cernium: Royal Library,Cernium,ASTERIA,2019,['https://www.youtube.com/watch?v=_DP0KxDNsIA'],Bgm53,,unclassified,MapleStory
Primal Bloom,Wild Hunter's Primal Bloom skill,Edelstein,ASTERIA,2025,['https://www.youtube.com/watch?v=BEgqrdwARXw'],Bgm53,,unclassified,MapleStory
Red Moon,Cernium: Lefgun Garrison,Cernium,ASTERIA,2019,['https://www.youtube.com/watch?v=SCurg6nRICM'],Bgm53,,unclassified,MapleStory
Riding on the Clouds,Cheongungol,CheongUn,ASTERIA,2019,['https://www.youtube.com/watch?v=DrEYyRbxBSs'],Bgm53,,unclassified,MapleStory
Riding on the Clouds - God Coming,Hoyoung's Sage: Wrath of Gods skill,CheongUn,ASTERIA,2020,['https://www.youtube.com/watch?v=QlAMEnsw7Wc'],Bgm53,,unclassified,MapleStory
Rising Sun,Cernium,Cernium_After,ASTERIA,2019,['https://www.youtube.com/watch?v=GB32gvkH94o'],Bgm53,,unclassified,MapleStory
Romantic Sunset,Ristonia,Ristonia,ASTERIA,2020,['https://www.youtube.com/watch?v=HM5WTDbZCFc'],Bgm53,,unclassified,MapleStory
Sanctuary of Mitra,Cernium,Cernium,ASTERIA,2019,['https://www.youtube.com/watch?v=LnXo5Fck5YY'],Bgm53,,unclassified,MapleStory
Sea Wave,Cernium,Cernium,ASTERIA,2019,['https://www.youtube.com/watch?v=PpIu5LWBkV8'],Bgm53,,unclassified,MapleStory
Seon Yu San,Seonyusan,SeonYuSan,ASTERIA,2019,['https://www.youtube.com/watch?v=R6kOkzs28pk'],Bgm53,,unclassified,MapleStory
Street Piano,Ristonia - Emil's performance,Ristonia,ASTERIA,2020,['https://www.youtube.com/watch?v=RdmREs3WAgg'],Bgm53,,unclassified,MapleStory
The Holy Land,Cernium,Cernium,ASTERIA,2019,['https://www.youtube.com/watch?v=21ggbAKiC88'],Bgm53,,unclassified,MapleStory
The Walls of Tragedy,Ristonia: Tragedy Walls,Ristonia,Initium SoundLab,2020,['https://www.youtube.com/watch?v=OOihxZSO3hE'],Bgm53,,unclassified,MapleStory
Where the Secret Lies,Ristonia: Underground Passage,Ristonia,ASTERIA,2020,['https://www.youtube.com/watch?v=Ke0GYnF3990'],Bgm53,,unclassified,MapleStory
Fungus Forest,Yum Yum Island: Fungus Forest,YumYum,ASTERIA,2020,['https://www.youtube.com/watch?v=h3EKe2b5kYI'],Bgm54,,unclassified,MapleStory
Fungus Forest -Ver. B-,Yum Yum Island: Fungus Forest,YumYum,ASTERIA,2020,['https://www.youtube.com/watch?v=DrCzk_r0tUE'],Bgm54,,unclassified,MapleStory
Illiyard Moor,Yum Yum Island: Illiyard Field,YumYum,ESTIMATE,2020,['https://www.youtube.com/watch?v=GkJHzTUQdiU'],Bgm54,,unclassified,MapleStory
Memory of Sunset,Reverse City cutscene,Reverse_City,ASTERIA,2019,['https://www.youtube.com/watch?v=eTneN70g90M'],Bgm54,,unclassified,MapleStory
Mushbud Forest,Yum Yum Island: Yum Yum Village,YumYum,Initium SoundLab,2020,['https://www.youtube.com/watch?v=TD0abMaS0Sk'],Bgm54,,unclassified,MapleStory
Reverse City,Reverse City underground,Reverse_City,ASTERIA,2019,['https://www.youtube.com/watch?v=Z5sInHxNTRg'],Bgm54,,unclassified,MapleStory
Reverse City 2,Reverse City: M Tower,Reverse_City,ASTERIA,2019,['https://www.youtube.com/watch?v=CSAsQCLnB7U'],Bgm54,,unclassified,MapleStory
T-bomb,Reverse City: M Tower boss theme,Reverse_City,ASTERIA,2019,['https://www.youtube.com/watch?v=b6k9HwW5EE0'],Bgm54,,unclassified,MapleStory
"Goodbye, My Friends",Sellas storyline,Sellas,Initium SoundLab,2020,['https://www.youtube.com/watch?v=s0n-cvX87o4'],Bgm55,,unclassified,MapleStory
Jazz for Dr. Lim -Radio ver.-,Jazz for Dr. Lim (Radio Version),HofM,ASTERIA,2020,['https://www.youtube.com/watch?v=f8absQczPlQ'],Bgm55,,unclassified,MapleStory
"My Prince, My Kingdom",Grand Athenaeum: Episode 6 cutscene,Library,ESTIMATE,2020,['https://www.youtube.com/watch?v=-XkJ2duNLOg'],Bgm55,,unclassified,MapleStory
Sinking Things,Sellas: Sinking Deep Sea,Sellas,Initium SoundLab,2020,['https://www.youtube.com/watch?v=qeOWrkvyJaM'],Bgm55,,unclassified,MapleStory
The Knight of Sharenian,Grand Athenaeum: Episode 6,Library,ESTIMATE,2020,['https://www.youtube.com/watch?v=otFwc8jP8Dk'],Bgm55,,unclassified,MapleStory
Whale Belly,Sellas: Star Swallowed Deep Sea,Sellas,Initium SoundLab,2020,['https://www.youtube.com/watch?v=sldMc60a1Ns'],Bgm55,,unclassified,MapleStory
Where Stars Rest,Sellas: Where the Light Lasts,Sellas,Initium SoundLab,2020,['https://www.youtube.com/watch?v=c8vFuvYtPZI'],Bgm55,,unclassified,MapleStory
Where Stars Rest -Ver. B-,Sellas: Where the Light Lasts,Sellas,Initium SoundLab,2020,['https://www.youtube.com/watch?v=9VtoysqhzVk'],Bgm55,,unclassified,MapleStory
White Night,Grand Athenaeum: Episode 6,Library,ESTIMATE,2020,['https://www.youtube.com/watch?v=7mxQ0D88tvs'],Bgm55,,unclassified,MapleStory
Thanatos Descent,Kain's Thanatos Descent skill,ToolenCity,ASTERIA,2020,['https://www.youtube.com/watch?v=tmK38bSySZ0'],Bgm56,,unclassified,MapleStory
Dispossessed Anger,Kain storyline - Toolen City,ToolenCity,ASTERIA,2020,['https://www.youtube.com/watch?v=_GHdQlQc8GM'],Bgm56,,unclassified,MapleStory
Doubt You,Kain storyline - Toolen City,ToolenCity,ASTERIA,2020,['https://www.youtube.com/watch?v=vhcSDQFrC0w'],Bgm56,,unclassified,MapleStory
"Happy Birthday, My Dear",Kain storyline,ToolenCity,ASTERIA,2020,['https://www.youtube.com/watch?v=SG_YVRlU7wI'],Bgm56,,unclassified,MapleStory
"Happy Birthday, My Dear -Short ver.-",Kain storyline,ToolenCity,ASTERIA,2020,['https://www.youtube.com/watch?v=3ZycGOBiiew'],Bgm56,,unclassified,MapleStory
Heavy Rain,Kain storyline - Toolen City ambience,ToolenCity,ASTERIA,2020,['https://www.youtube.com/watch?v=t0CDRHCwmVA'],Bgm56,,unclassified,MapleStory
Malice,Kain storyline - Toolen City,ToolenCity,ASTERIA,2020,['https://www.youtube.com/watch?v=n2jEMbIg0Eg'],Bgm56,,unclassified,MapleStory
The Dispossessed,Toolen City,ToolenCity,ASTERIA,2020,['https://www.youtube.com/watch?v=zefC4ONYCak'],Bgm56,,unclassified,MapleStory
Toolen City,Toolen City,ToolenCity,ASTERIA,2020,['https://www.youtube.com/watch?v=ZrG5FNGyGUs'],Bgm56,,unclassified,MapleStory
A Mechanic With a Wander,Hotel Arcs storyline,Arcs,ESTIMATE,2021,['https://www.youtube.com/watch?v=RkdFCsBZGGE'],Bgm57,,unclassified,MapleStory
Dangerous Atelier,Lara storyline - Twilight Workshop,Narin,ASTERIA,2021,['https://www.youtube.com/watch?v=KaKd2coOCQY'],Bgm57,,unclassified,MapleStory
Dangerous Atelier -No Intro-,Lara storyline - Twilight Workshop,Narin,ASTERIA,2021,['https://www.youtube.com/watch?v=JR36lK9WPIc'],Bgm57,,unclassified,MapleStory
Between Alley,Narin: Quiet Back Alley,Narin,ASTERIA,2021,['https://www.youtube.com/watch?v=4Ak93ol6Cv4'],Bgm57,,unclassified,MapleStory
Destroyed Four Seasons,Kaling - Phase 1,dowonkyung,ASTERIA,2023,['https://www.youtube.com/watch?v=yVDWROUrhO8'],Bgm57,,unclassified,MapleStory
Faded Winter,Kaling - Phase 2,dowonkyung,ASTERIA,2023,['https://www.youtube.com/watch?v=v59-MU4VYb8'],Bgm57,,unclassified,MapleStory
Historical Site of Slime,Ramuramu Valley: Altar of Guardian Angel Slime,Ramuramu,ASTERIA,2021,['https://www.youtube.com/watch?v=2DCtrNL0QCg'],Bgm57,,unclassified,MapleStory
Life is Full of Happiness -Home of Spirits-,Lara's Breathtakingly Large Tree skill,Narin,ASTERIA,2021,['https://www.youtube.com/watch?v=FjGPY1ChtAA'],Bgm57,,unclassified,MapleStory
Invasion,Shangri-La storyline,dowonkyung,ASTERIA,2023,['https://www.youtube.com/watch?v=A_bizn_YVZU'],Bgm57,,unclassified,MapleStory
Life is Full of Happiness,Lara storyline,Narin,ASTERIA,2021,['https://www.youtube.com/watch?v=FtDyxkzpFes'],Bgm57,,unclassified,MapleStory
Lonesome Cinema,Hotel Arcs: Romantic Car Theater,Arcs,ESTIMATE,2021,['https://www.youtube.com/watch?v=vlWk1jO31U0'],Bgm57,,unclassified,MapleStory
Occupied Fortress,Watcher Kalos - Phase 1,karotte,ASTERIA,2022,['https://www.youtube.com/watch?v=Tr2DH10nKI8'],Bgm57,,unclassified,MapleStory
Once Upon a Time in Karotte,Karotte,karotte,ASTERIA,2022,['https://www.youtube.com/watch?v=MN9OrjESFgA'],Bgm57,,unclassified,MapleStory
One Day at the Atelier,Narin: Dalbodre Workshop,Narin,ASTERIA,2021,['https://www.youtube.com/watch?v=5CaWcn840ss'],Bgm57,,unclassified,MapleStory
Preparation for Breakthrough,Karotte: Skyscraper,karotte,ASTERIA,2022,['https://www.youtube.com/watch?v=-lWcKfl9FfE'],Bgm57,,unclassified,MapleStory
Ruination of Four Seasons,Kaling - Phase 3,dowonkyung,ASTERIA,2023,['https://www.youtube.com/watch?v=mj0KDZLQ02k'],Bgm57,,unclassified,MapleStory
Train Heading Nowhere,Hotel Arcs: Train Heading Nowhere,Arcs,ESTIMATE,2021,['https://www.youtube.com/watch?v=C0P-N0ub7dc'],Bgm57,,unclassified,MapleStory
Way Out of the Wilderness,Hotel Arcs Wilderness,Arcs,ESTIMATE,2021,['https://www.youtube.com/watch?v=gKMeID5RiGg'],Bgm57,,unclassified,MapleStory
Welcome to Hotel Arcs,Hotel Arcs Lobby,Arcs,ESTIMATE,2021,['https://www.youtube.com/watch?v=dzrBrgVBPCA'],Bgm57,,unclassified,MapleStory
Welcome to Ramuramu Valley,Ramuramu Valley,Ramuramu,ASTERIA,2021,['https://www.youtube.com/watch?v=OkBhkoBvtYY'],Bgm57,,unclassified,MapleStory
Wonderful Moments in Narin,Narin,Narin,ASTERIA,2021,['https://www.youtube.com/watch?v=DwQ8zXlOYjs'],Bgm57,,unclassified,MapleStory
Alley on the Other Side,Odium: Occupied Alley,odium,ASTERIA,2022,['https://www.youtube.com/watch?v=Dhoag52TV_w'],Bgm58,,unclassified,MapleStory
Endless Curse,Explorer storyline,MushroomVillage,ASTERIA,2022,['https://www.youtube.com/watch?v=UwuyxDRPkmI'],Bgm58,,unclassified,MapleStory
Four Perils Astray,Odium storyline,odium,ASTERIA,2022,['https://www.youtube.com/watch?v=Orjgsq8R-CU'],Bgm58,,unclassified,MapleStory
Irreversible Abomination,Odium: Laboratory Behind Locked Doors,odium,ASTERIA,2022,['https://www.youtube.com/watch?v=XCg3agTZ7t8'],Bgm58,,unclassified,MapleStory
Just Another Maple Leaf,Explorer storyline - character progression,MushroomVillage,ASTERIA,2022,['https://www.youtube.com/watch?v=7NN_k0auDWQ'],Bgm58,,unclassified,MapleStory
Knight of Light,Cygnus Knights - Mihile storyline,Ereb,ASTERIA,2022,['https://www.youtube.com/watch?v=_e9YXlxlCqA'],Bgm58,,unclassified,MapleStory
Noblesse Nostalgia,Ereve: Nobleman's Estate,Ereb,ASTERIA,2022,['https://www.youtube.com/watch?v=u2TQ4DFqSSw'],Bgm58,,unclassified,MapleStory
Resting Place of God,Cygnus Knights storyline - God's Shelter,Ereb,ASTERIA,2022,['https://www.youtube.com/watch?v=QstADc5R4GI'],Bgm58,,unclassified,MapleStory
Sunshine Blurring the Unknown,Odium: Sunny Laboratory,odium,ASTERIA,2022,['https://www.youtube.com/watch?v=N2dyV-2UeK8'],Bgm58,,unclassified,MapleStory
The Beginning of the Adventure,Maple Island,MushroomVillage,ASTERIA,2022,['https://www.youtube.com/watch?v=-bSIQVSEdgM'],Bgm58,,unclassified,MapleStory
The Lost City Among the Clouds,Odium,odium,ASTERIA,2022,['https://www.youtube.com/watch?v=34Tb70dLN3Q'],Bgm58,,unclassified,MapleStory
The Other Side of the Dimension,Grand Athenaeum: Maple Chronicles,Library,ASTERIA,2022,['https://www.youtube.com/watch?v=1dUnek_TBRk'],Bgm58,,unclassified,MapleStory
Warning! Unknown Area,Monster Park Extreme,Carnival,ASTERIA,2022,['https://www.youtube.com/watch?v=Nkh_YN1PRP4'],Bgm58,,unclassified,MapleStory
Advance of Alliance,Arteria storyline,arteria,ASTERIA,2023,['https://www.youtube.com/watch?v=Q1LkJtB6EJc'],Bgm59,,unclassified,MapleStory
Carnival of the Night,Khali storyline,Erimos,ASTERIA,2023,['https://www.youtube.com/watch?v=kVG41FevqdU'],Bgm59,,unclassified,MapleStory
Cygnus's Rest,Arteria storyline,arteria,ASTERIA,2023,['https://www.youtube.com/watch?v=eGNqwaBGIow'],Bgm59,,unclassified,MapleStory
Fierce Fortress,Arteria: Queen's Road,Ereb,ASTERIA,2023,['https://www.youtube.com/watch?v=lT9xo36pADU'],Bgm59,,unclassified,MapleStory
Four Auspicious Beasts,Kaling - boss reward room,dowonkyung,ASTERIA,2023,['https://www.youtube.com/watch?v=pNUO1eFYfBY'],Bgm59,,unclassified,MapleStory
Lord's Castle,Erimos palace,Erimos,ASTERIA,2023,['https://www.youtube.com/watch?v=TYdGRnFuxDM'],Bgm59,,unclassified,MapleStory
Oasis in the Desert,Erimos,Erimos,ASTERIA,2023,['https://www.youtube.com/watch?v=WbOuijd0-30'],Bgm59,,unclassified,MapleStory
Oblivion,Khali's Oblivion skill,Erimos,ASTERIA,2023,['https://www.youtube.com/watch?v=QChvnprfrSg'],Bgm59,,unclassified,MapleStory
Outskirts of Erimos,Erimos desert,Erimos,ASTERIA,2023,['https://www.youtube.com/watch?v=ZlrwXQuBzxg'],Bgm59,,unclassified,MapleStory
Painful and Lingering Death,Arteria,arteria,ASTERIA,2023,['https://www.youtube.com/watch?v=I8TW0DEcQjc'],Bgm59,,unclassified,MapleStory
Radiant Triumph,6th Job Advancement - Sol Erda,solerda,ASTERIA,2023,['https://www.youtube.com/watch?v=bYE20OjWEbs'],Bgm59,,unclassified,MapleStory
Radiant Triumph -reprise-,6th Job Advancement - Sol Erda,solerda,ASTERIA,2023,['https://www.youtube.com/watch?v=P3xCJBvoz8o'],Bgm59,,unclassified,MapleStory
Realize Truth,Khali storyline,Erimos,ASTERIA,2023,['https://www.youtube.com/watch?v=3ahM1xFHFNE'],Bgm59,,unclassified,MapleStory
Shadowy Passage,Arteria,arteria,ASTERIA,2023,['https://www.youtube.com/watch?v=EPpkgs7GI54'],Bgm59,,unclassified,MapleStory
Tangled Nebula,6th Job Advancement - Sol Erda,solerda,ASTERIA,2023,['https://www.youtube.com/watch?v=YznuOT5yVKg'],Bgm59,,unclassified,MapleStory
The Land of Peach Blossoms,Shangri-La,dowonkyung,ASTERIA,2023,['https://www.youtube.com/watch?v=WfL64ILvW0A'],Bgm59,,unclassified,MapleStory
The Other Side of Shangri-La,Shangri-La field,dowonkyung,ASTERIA,2023,['https://www.youtube.com/watch?v=tJksDYXZ4Vw'],Bgm59,,unclassified,MapleStory
Adventurers from Beyond,Dimensional Battlefield - Cross World Boss Content,crossWorldBoss,ASTERIA,2025,['https://www.youtube.com/watch?v=8CbvXFP-Wv4'],Bgm60,,unclassified,MapleStory
After Ragnarok,Baldrix - reward map,baldrix,ASTERIA,2025,['https://www.youtube.com/watch?v=3F5oIwW-zdE'],Bgm60,,unclassified,MapleStory
Fallen Honor,Azmoth Canyon,AzmothCanyon,ASTERIA,2024,['https://www.youtube.com/watch?v=d0Hk8lM97IQ'],Bgm60,,unclassified,MapleStory
An Approaching Abyss,Carcion: Sunken Ruins,carcion,ASTERIA,2023,['https://www.youtube.com/watch?v=H5SNYI8oGlc'],Bgm60,,unclassified,MapleStory
Ancient Ruins of Blue Jade,Champion Raid - Dragon Island,championRaid,ASTERIA,2025,['https://www.youtube.com/watch?v=3nAFSpjFFeo'],Bgm60,,unclassified,MapleStory
An Invitation to the Night,Tallahart sanctuary,tallahart,ASTERIA,2024,['https://www.youtube.com/watch?v=kP6O4ikTDr4'],Bgm60,,unclassified,MapleStory
An Occupied Coast,Carcion: Calm Waterfront,carcion,ASTERIA,2023,['https://www.youtube.com/watch?v=Emtn0U3bro4'],Bgm60,,unclassified,MapleStory
Echoes of the Ruined Path,Azmoth Canyon,AzmothCanyon,ASTERIA,2024,['https://www.youtube.com/watch?v=3g2tGOtM9-k'],Bgm60,,unclassified,MapleStory
Echoes of the Ruined Path (Slow),Azmoth Canyon,AzmothCanyon,ASTERIA,2024,['https://www.youtube.com/watch?v=89LmnV4uj9I'],Bgm60,,unclassified,MapleStory
Blazing Canyon,Champion Raid - Dragon Island,championRaid,ASTERIA,2025,['https://www.youtube.com/watch?v=ajomvJzjzAE'],Bgm60,,unclassified,MapleStory
Celestial Passage,Training Ground - Sky Crossroads,ForestTraining,ASTERIA,2026,['https://www.youtube.com/watch?v=BCINqGq4AKk'],Bgm60,,unclassified,MapleStory
Cocked Pistol,Tallahart storyline,tallahart,ASTERIA,2024,['https://www.youtube.com/watch?v=XuLNdaKXiqc'],Bgm60,,unclassified,MapleStory
Emerald Jungle,Champion Raid - Dragon Island,championRaid,ASTERIA,2025,['https://www.youtube.com/watch?v=8qpl5IRUtbs'],Bgm60,,unclassified,MapleStory
Madness Arena (Closed),Azmoth Canyon,AzmothCanyon,ASTERIA,2024,['https://www.youtube.com/watch?v=rTa0rKkr-Eo'],Bgm60,,unclassified,MapleStory
Ruined Azmoth,Azmoth Canyon,AzmothCanyon,ASTERIA,2024,['https://www.youtube.com/watch?v=a5nsEpMwHX4'],Bgm60,,unclassified,MapleStory
Mystery Laboratory,Azmoth Canyon,AzmothCanyon,ASTERIA,2024,['https://www.youtube.com/watch?v=x81zE7sWfUg'],Bgm60,,unclassified,MapleStory
Madness Arena,Azmoth Canyon,AzmothCanyon,ASTERIA,2024,['https://www.youtube.com/watch?v=xw9Tv70sB_c'],Bgm60,,unclassified,MapleStory
Devil's Arrival,Azmoth Canyon,AzmothCanyon,ASTERIA,2024,['https://www.youtube.com/watch?v=cyPJH1RtbiE'],Bgm60,,unclassified,MapleStory
Frenzied Mutant,Azmoth Canyon,AzmothCanyon,ASTERIA,2024,['https://www.youtube.com/watch?v=aV-qg0qkKlQ'],Bgm60,,unclassified,MapleStory
Playing With Fire,Azmoth Canyon,AzmothCanyon,ASTERIA,2024,['https://www.youtube.com/watch?v=vBEIhsS8YnU'],Bgm60,,unclassified,MapleStory
Titan's Onslaught,Azmoth Canyon,AzmothCanyon,ASTERIA,2024,['https://www.youtube.com/watch?v=h_ks9f2VcrI'],Bgm60,,unclassified,MapleStory
Last Requiem,Tallahart storyline,tallahart,ASTERIA,2024,['https://www.youtube.com/watch?v=7ux2BU5gCbg'],Bgm60,,unclassified,MapleStory
Passageway in the Abyss,Limbo - Phase 2 Interlude,limbo,ASTERIA,2024,['https://www.youtube.com/watch?v=M5DSwuwjeps'],Bgm60,,unclassified,MapleStory
Reborn Gods,Tallahart ruins,tallahart,ASTERIA,2024,['https://www.youtube.com/watch?v=0rvjE0Rl_vs'],Bgm60,,unclassified,MapleStory
Recurring Dawn,Training Ground - Sky Crossroads,ForestTraining,ASTERIA,2026,['https://www.youtube.com/watch?v=XINjCPiJ-kg'],Bgm60,,unclassified,MapleStory
Reproduced Abyss C,Limbo - Phase 2A,limbo,ASTERIA,2024,['https://www.youtube.com/watch?v=5g7b5Vuo4vk'],Bgm60,,unclassified,MapleStory
Reproduced Abyss D,Limbo - Phase 2B,limbo,ASTERIA,2024,['https://www.youtube.com/watch?v=Nh7MbtlTN-4'],Bgm60,,unclassified,MapleStory
Containment Breach,Azmoth Canyon,AzmothCanyon,ASTERIA,2024,['https://www.youtube.com/watch?v=B0ZDU-c6TnA'],Bgm60,,unclassified,MapleStory
Showdown in the Inverted Realm,Baldrix - Phase 3,baldrix,ASTERIA,2025,['https://www.youtube.com/watch?v=eZtagk-9nNU'],Bgm60,,unclassified,MapleStory
Tears of Eternity,Carcion: Sacred Tree Summit,carcion,ASTERIA,2023,['https://www.youtube.com/watch?v=OWaIpWJzgx8'],Bgm60,,unclassified,MapleStory
Tears of Eternity -loop-,Carcion storyline,carcion,ASTERIA,2023,['https://www.youtube.com/watch?v=3u3sQlI6Jc0'],Bgm60,,unclassified,MapleStory
The Eyes of the Ishfira,Carcion: Ishfira's Eye,carcion,ASTERIA,2023,['https://www.youtube.com/watch?v=atxfdYd3SL0'],Bgm60,,unclassified,MapleStory
The Fate of an Immortal,Tallahart,tallahart,ASTERIA,2024,['https://www.youtube.com/watch?v=mrhVV70YhM4'],Bgm60,,unclassified,MapleStory
The Great Tropics,Carcion: Entangling Forest,carcion,ASTERIA,2023,['https://www.youtube.com/watch?v=hbY-c7_zUUA'],Bgm60,,unclassified,MapleStory
The Neglected Solitude of the Sanctuary,Grand Athenaeum: Episode 7 - Sephiroth's Gardener,Sefirot,ASTERIA,2023,['https://www.youtube.com/watch?v=uTAVrYadBDI'],Bgm60,,unclassified,MapleStory
"The Saddest Sanctuary, Sephiroth",Grand Athenaeum: Episode 7 - Sephiroth's Gardener,Sefirot,ASTERIA,2023,['https://www.youtube.com/watch?v=9aeqWJRfN0U'],Bgm60,,unclassified,MapleStory
Turbulent Realm,Baldrix - Phase 2,baldrix,ASTERIA,2025,['https://www.youtube.com/watch?v=fbyVvvt2qI0'],Bgm60,,unclassified,MapleStory
Wanderer's Hut,Champion Raid - Dragon Island,championRaid,ASTERIA,2025,['https://www.youtube.com/watch?v=rZIIJOjyLPI'],Bgm60,,unclassified,MapleStory
Zenith Drift,Training Ground - Sky Crossroads,ForestTraining,ASTERIA,2026,['https://www.youtube.com/watch?v=Vfu4UuVBfyU'],Bgm60,,unclassified,MapleStory
Ashes of Spring,Nightmare Wonderland,nightmareParadise,ASTERIA,2025,['https://www.youtube.com/watch?v=hcCWV0lqQgs'],Bgm61,,unclassified,MapleStory
City of Eternal Night,Kai - Reward Map,Chrono,ASTERIA,2025,['https://www.youtube.com/watch?v=aXhlh7gw9qM'],Bgm61,,unclassified,MapleStory
Courage Unbreakable,First Adversary - Phase 1,firstAdversary,ASTERIA,2025,['https://www.youtube.com/watch?v=IWXmRItfYsM'],Bgm61,,unclassified,MapleStory
Feast of Evil Spirits,Nightmare Wonderland,nightmareParadise,ASTERIA,2025,['https://www.youtube.com/watch?v=-PLcCJV6s0g'],Bgm61,,unclassified,MapleStory
Gate of Proof,First Adversary - Entrance,firstAdversary,ASTERIA,2025,['https://www.youtube.com/watch?v=_5r-2JTJowM'],Bgm61,,unclassified,MapleStory
If You Follow the Mountain Path,Vallora mountain zone,Vallora,ASTERIA,2025,['https://www.youtube.com/watch?v=hLG-h805Wcc'],Bgm61,,unclassified,MapleStory
Irresistible Calling,Radiant Malefic Star - Preparation Map,YmirIllusion,ASTERIA,2026,['https://www.youtube.com/watch?v=53dmSYmaUNU'],Bgm61,,unclassified,MapleStory
Malefic Sonata,"Black Sea, Radiant Malefic Star - Entrance",YmirIllusion,ASTERIA,2026,['https://www.youtube.com/watch?v=u71__6ICIWo'],Bgm61,,unclassified,MapleStory
Neo Vandalism,Kai - Phase 1,Chrono,ASTERIA,2025,['https://www.youtube.com/watch?v=6vDylLAxtN0'],Bgm61,,unclassified,MapleStory
Port City of Vallora,Vallora,Vallora,ASTERIA,2025,['https://www.youtube.com/watch?v=lyp4mlh3abI'],Bgm61,,unclassified,MapleStory
"Pristine, Tender Illusion",Radiant Malefic Star - Illusion state,YmirIllusion,ASTERIA,2026,['https://www.youtube.com/watch?v=uwm-XyFS_2o'],Bgm61,,unclassified,MapleStory
Rebirth of Life,Nightmare Wonderland storyline,nightmareParadise,ASTERIA,2025,['https://www.youtube.com/watch?v=HlnALPLQut8'],Bgm61,,unclassified,MapleStory
Rest of the Broken Truth,Radiant Malefic Star - Reward Map,YmirReality,ASTERIA,2026,['https://www.youtube.com/watch?v=BYeEKwuAlfU'],Bgm61,,unclassified,MapleStory
Serpent's Lake,Vallora: Serpent's Lake,Vallora,ASTERIA,2025,['https://www.youtube.com/watch?v=ipl9FrvjEPU'],Bgm61,,unclassified,MapleStory
Silent Protocol,Kai - Entrance,Chrono,ASTERIA,2025,['https://www.youtube.com/watch?v=HSveM-a-8U4'],Bgm61,,unclassified,MapleStory
Succession Bloom,First Adversary - Reward Map,firstAdversary,ASTERIA,2025,['https://www.youtube.com/watch?v=pevUhp_jxnU'],Bgm61,,unclassified,MapleStory
The Downfall,Nightmare Wonderland,nightmareParadise,ASTERIA,2025,['https://www.youtube.com/watch?v=rP5UgQ71d14'],Bgm61,,unclassified,MapleStory
Unveiled Deformity,Radiant Malefic Star - Reality state,YmirReality,ASTERIA,2026,['https://www.youtube.com/watch?v=FVPTmDKf0M4'],Bgm61,,unclassified,MapleStory
Voice of Verdict,First Adversary - Phase 3,firstAdversary,ASTERIA,2025,['https://www.youtube.com/watch?v=3xpCpPHwsQ0'],Bgm61,,unclassified,MapleStory
Voltage Overdrive,Kai - Phase 2,Chrono,ASTERIA,2025,['https://www.youtube.com/watch?v=spCf0yFfQ5A'],Bgm61,,unclassified,MapleStory
When the Wind Blows,Len storyline,Vallora,ASTERIA,2025,['https://www.youtube.com/watch?v=ArFkvhHvLsE'],Bgm61,,unclassified,MapleStory
Wind Flowing in the Harbor,Vallora beach zone,Vallora,ASTERIA,2025,['https://www.youtube.com/watch?v=mKhyvIKVW18'],Bgm61,,unclassified,MapleStory
Wisdom Beyond Aspirations,First Adversary - Phase 2,firstAdversary,ASTERIA,2025,['https://www.youtube.com/watch?v=OeKYxq_TX_Y'],Bgm61,,unclassified,MapleStory
Absolute Throne,Mission Ultima storyline,UltimaPolis,ASTERIA,2026,['https://www.youtube.com/watch?v=xp4HLX3wB3E'],Bgm62,,unclassified,MapleStory
A Desolate and Lonely Furnace,Jupiter - Reward Map,Luppiter,ASTERIA,2026,['https://www.youtube.com/watch?v=W-zrwm-pKH4'],Bgm62,,unclassified,MapleStory
An Uneasy Victory,Bellona - Reward Map,TeneaTemple,ASTERIA,2026,['https://www.youtube.com/watch?v=AV2dF-ZEDlk'],Bgm62,,unclassified,MapleStory
Ashes and Resolve,Mission Ultima storyline,UltimaPolis,ASTERIA,2026,['https://www.youtube.com/watch?v=JzsQ4-V8vVY'],Bgm62,,unclassified,MapleStory
Bridge of the Forgotten Saint,Meilin - Entrance,Maerin,ASTERIA,2026,['https://www.youtube.com/watch?v=6CdZSy__5MQ'],Bgm62,,unclassified,MapleStory
Eternal Slumber,Mission Ultima storyline,UltimaPolis,ASTERIA,2026,['https://www.youtube.com/watch?v=0rgMDKmszbM'],Bgm62,,unclassified,MapleStory
Hollow Saints,Ultimapolis,UltimaPolis,ASTERIA,2026,['https://www.youtube.com/watch?v=evKrzIkpJuc'],Bgm62,,unclassified,MapleStory
Operation Signal,Mission Ultima storyline,UltimaPolis,ASTERIA,2026,['https://www.youtube.com/watch?v=X0bqxkkrn6w'],Bgm62,,unclassified,MapleStory
Ordinary Day,Ultimapolis,UltimaPolis,ASTERIA,2026,['https://www.youtube.com/watch?v=KDN4kqbE1P0'],Bgm62,,unclassified,MapleStory
Secrets Hidden Under the Sand,Geardrak: Underground,Geardrak,ASTERIA,2026,['https://www.youtube.com/watch?v=-iofIzq5THU'],Bgm62,,unclassified,MapleStory
Secrets Hidden Under the Sand (Original),Geardrak: Underground,Geardrak,ASTERIA,2026,['https://www.youtube.com/watch?v=ovDU4AmUMjQ'],Bgm62,,unclassified,MapleStory
Signal of Insane,Bellona - Entrance,TeneaTemple,ASTERIA,2026,['https://www.youtube.com/watch?v=kSU13aIxfzA'],Bgm62,,unclassified,MapleStory
The Arena of Rules and Rupture,Jupiter - Combination Form (Neutral),Luppiter,ASTERIA,2026,['https://www.youtube.com/watch?v=awUBQZ122OU'],Bgm62,,unclassified,MapleStory
The Crossroads of Control and Disobedience,Jupiter - Entrance,Luppiter,ASTERIA,2026,['https://www.youtube.com/watch?v=vXUy0AHUolg'],Bgm62,,unclassified,MapleStory
The Endless Call,Lethe's Void Origin skill,Lethe,ASTERIA,2026,['https://www.youtube.com/watch?v=qHZQ06mDfDc'],Bgm62,,unclassified,MapleStory
The Forbidden Oratory,Meilin - Reward Map,Maerin,ASTERIA,2026,['https://www.youtube.com/watch?v=Opu2t1fK40Y'],Bgm62,,unclassified,MapleStory
The Furnace That Swallowed the Gods,Geardrak,Geardrak,ASTERIA,2026,['https://www.youtube.com/watch?v=oKKN6zr14-8'],Bgm62,,unclassified,MapleStory
The Furnace That Swallowed the Gods (Original),Geardrak,Geardrak,ASTERIA,2026,['https://www.youtube.com/watch?v=MojbZp4FZbk'],Bgm62,,unclassified,MapleStory
The Gaze of Abandoned Robots,Geardrak: Robot Warehouse,Geardrak,ASTERIA,2026,['https://www.youtube.com/watch?v=CoePzXC7Lv4'],Bgm62,,unclassified,MapleStory
The Gaze of Abandoned Robots (Original),Geardrak: Robot Warehouse,Geardrak,ASTERIA,2026,['https://www.youtube.com/watch?v=TtDjTsWO3rY'],Bgm62,,unclassified,MapleStory
The Ghosts of the Sleepless Gods,Geardrak: Gob's Workshop,Geardrak,ASTERIA,2026,['https://www.youtube.com/watch?v=SSfJAkoX0eA'],Bgm62,,unclassified,MapleStory
The Ghosts of the Sleepless Gods (Original),Geardrak: Gob's Workshop,Geardrak,ASTERIA,2026,['https://www.youtube.com/watch?v=XnpTknjzPMM'],Bgm62,,unclassified,MapleStory
The Gift Never Received,Mission Ultima storyline,UltimaPolis,ASTERIA,2026,['https://www.youtube.com/watch?v=xi6gKWBBzEc'],Bgm62,,unclassified,MapleStory
The Grand Rite,Mission Ultima storyline,UltimaPolis,ASTERIA,2026,['https://www.youtube.com/watch?v=2gnkkJF5ZaU'],Bgm62,,unclassified,MapleStory
The Unblessed Cathedral,Meilin - Phase 1,Maerin,ASTERIA,2026,['https://www.youtube.com/watch?v=TRrcxyCe6Ew'],Bgm62,,unclassified,MapleStory
The Unblessed Cathedral -Descend-,Meilin - Phase 2,Maerin,ASTERIA,2026,['https://www.youtube.com/watch?v=a8ewaTeYTNg'],Bgm62,,unclassified,MapleStory
Whisper of the Covenant,Lethe's Mansion,Lethe,ASTERIA,2026,['https://www.youtube.com/watch?v=3UFdq5zJRBA'],Bgm62,,unclassified,MapleStory
Training,Attack on Titan: Cadet Corps Drill Area,AoT1,StudioEIM,2014,['https://www.youtube.com/watch?v=VLMt3GGgwrM'],BgmAoT,,unclassified,MapleStory
Wall 01,Attack on Titan: Wall Rose,AoT2,StudioEIM,2014,['https://www.youtube.com/watch?v=KsdCs_xSpww'],BgmAoT,,unclassified,MapleStory
Wall 02,Attack on Titan: Wall Rose titan battle,AoT2,StudioEIM,2014,['https://www.youtube.com/watch?v=9AaCc7VGMc0'],BgmAoT,,unclassified,MapleStory
Wall Load City,Attack on Titan: Trost District,AoT2,StudioEIM,2014,['https://www.youtube.com/watch?v=eSCmN_ZzvzI'],BgmAoT,,unclassified,MapleStory
Feel Good,No apparent use (BrazilMS),Quest,StudioEIM,2009,['https://www.youtube.com/watch?v=Toxr3wrvQm8'],BgmBR,,unclassified,MapleStory
Heat Up,No apparent use (BrazilMS),Quest,StudioEIM,2009,['https://www.youtube.com/watch?v=fFPEeCpJ1I4'],BgmBR,,unclassified,MapleStory
The Aftermath,No apparent use (BrazilMS),Quest,StudioEIM,2009,['https://www.youtube.com/watch?v=3fm6C-FyoRQ'],BgmBR,,unclassified,MapleStory
Beast Tamer: Colosseum,Tournament of Heroes Arena,ArbrenBT,StudioEIM,2014,['https://www.youtube.com/watch?v=1Z4-AVRNNEI'],BgmBT,,unclassified,MapleStory
Beast Tamer: Kobolt Cave,Arboren: Kobold Pit,ArbrenBT,StudioEIM,2014,['https://www.youtube.com/watch?v=Pyfqoim3jPA'],BgmBT,,unclassified,MapleStory
Beast Tamer: Wood Town,Arboren: Canopy Town,ArbrenBT,StudioEIM,2014,['https://www.youtube.com/watch?v=Ol-Cy_VUDMM'],BgmBT,,unclassified,MapleStory
Commerci Battle,Commerci Trade Voyage boss theme,CommerzBT,StudioEIM,2013,['https://www.youtube.com/watch?v=Ej3m8ukDOlk'],BgmBT,,unclassified,MapleStory
Commerci Sailing,Commerci Trade Voyage,CommerzBT,StudioEIM,2013,['https://www.youtube.com/watch?v=JvaxNdKZS3I'],BgmBT,,unclassified,MapleStory
Commerci Beach,Commerci Republic: Berry,CommerzBT,StudioEIM,2013,['https://www.youtube.com/watch?v=rb-9IQLFi4U'],BgmBT,,unclassified,MapleStory
Commerci Canal,Commerci Republic: San Commerci,CommerzBT,StudioEIM,2013,['https://www.youtube.com/watch?v=zW1J8XYU3t0'],BgmBT,,unclassified,MapleStory
Rock 'n Battle,Bamon League,FreeMarket,StudioEIM,2013,['https://www.youtube.com/watch?v=vlVRgdYxFXk'],BgmBT,,unclassified,MapleStory
Gollux Boss Battle,Gollux boss theme,GiantVellud,StudioEIM,2013,['https://www.youtube.com/watch?v=0CRF8AJH6NA'],BgmBT,,unclassified,MapleStory
Dragon Tiger Dungeon,Beasts of Fury: Gold Dragon Dojo interior,CN_DragonTiger,StudioEIM,2014,['https://www.youtube.com/watch?v=apwKSQfDkvY'],BgmCN,,unclassified,MapleStory
Dragon Tiger Field,Beasts of Fury: Gold Dragon Dojo exterior,CN_DragonTiger,StudioEIM,2014,['https://www.youtube.com/watch?v=ULy-P8wgU5Q'],BgmCN,,unclassified,MapleStory
Dragon Tiger Field 2,Beasts of Fury: Gold Dragon Dojo exterior,CN_DragonTiger,StudioEIM,2015,['https://www.youtube.com/watch?v=msETCdOYteU'],BgmCN,,unclassified,MapleStory
English School,English School Party Quiz,Event,StudioEIM,2007,['https://www.youtube.com/watch?v=xNZehZM4N8o'],BgmCN,,unclassified,MapleStory
Go Shanghai,China: Shanghai Wai-Tan,ShangHai,StudioEIM,2006,['https://www.youtube.com/watch?v=xPtgIjPQqe4'],BgmCN,,unclassified,MapleStory
Go Shanghai (Original),China: Shanghai Wai-Tan (Original),ShangHai,StudioEIM,2006,['https://www.youtube.com/watch?v=uZ3egkrlMZY'],BgmCN,,unclassified,MapleStory
China: Nanjing Lu,China: Shanghai - Nanjing Road,ShangHai,StudioEIM,2015,['https://www.youtube.com/watch?v=oOq9gzCv0cA'],BgmCN,,unclassified,MapleStory
China: Shanghai Waitan,China: Shanghai - The Bund,ShangHai,StudioEIM,2015,['https://www.youtube.com/watch?v=Ja5gUkJkNmM'],BgmCN,,unclassified,MapleStory
China: Yuyuan,China: Yu Garden,YuYuanCN,StudioEIM,2015,['https://www.youtube.com/watch?v=6JSJ0emRED4'],BgmCN,,unclassified,MapleStory
PvP,ChinaMS PvP battle theme,YuYuanCN,StudioEIM,2006,['https://www.youtube.com/watch?v=0cqwe6XD7GI'],BgmCN,,unclassified,MapleStory
Shanghai Field,China: Shanghai field,ShangHai,StudioEIM,2006,['https://www.youtube.com/watch?v=by7VRYj4HU4'],BgmCN,,unclassified,MapleStory
China: Shaolin Boss,China: Shaolin Temple - Sutra boss theme,shaolinsi,StudioEIM,2015,['https://www.youtube.com/watch?v=wgjqL3HsiZg'],BgmCN,,unclassified,MapleStory
Shaolin Cangjingge,China: Shaolin Temple - Sutra Depository (old map ver.),shaolinsi,StudioEIM,2007,['https://www.youtube.com/watch?v=hapVbhzQF88'],BgmCN,,unclassified,MapleStory
Shaolin Daxiongbaodian,China: Shaolin Temple,shaolin_songshan,StudioEIM,2007,['https://www.youtube.com/watch?v=3Ers8eclp4A'],BgmCN,,unclassified,MapleStory
Shaolin Mishi,China: Shaolin Temple - Sutra boss theme (old map ver.),shaolinsi,StudioEIM,2007,['https://www.youtube.com/watch?v=gLrpmQPp9U8'],BgmCN,,unclassified,MapleStory
Shaolin Shan,China: Mount Song field,shaolin_songshan,StudioEIM,2007,['https://www.youtube.com/watch?v=RE-3HU4wvdU'],BgmCN,,unclassified,MapleStory
Shaolin Songshan,China: Mount Song Hamlet,shaolin_songshan,StudioEIM,2007,['https://www.youtube.com/watch?v=5BcEzWb5ycg'],BgmCN,,unclassified,MapleStory
Summer Boating 1,ChinaMS Summer Boating event,Kite_JP,StudioEIM,2008,['https://www.youtube.com/watch?v=1h8ZJhL7GqQ'],BgmCN,,unclassified,MapleStory
Summer Boating 2,ChinaMS Summer Boating event,Kite_JP,StudioEIM,2008,['https://www.youtube.com/watch?v=IPokl8jGHcg'],BgmCN,,unclassified,MapleStory
Summer Boating 3,ChinaMS Summer Boating event,Kite_JP,StudioEIM,2008,['https://www.youtube.com/watch?v=kiXwuRCn3zo'],BgmCN,,unclassified,MapleStory
Yuyuan,China: Yuyuan Garden,YuYuanCN,StudioEIM,2006,['https://www.youtube.com/watch?v=i4KaMvnTNww'],BgmCN,,unclassified,MapleStory
Blurry Memory,Angler Company storyline,anglerCompany,ASTERIA,2024,['https://www.youtube.com/watch?v=Iwo7ij4g0m0'],BgmED,,unclassified,MapleStory
The Highest Point of High Mountain,High Mountain boss,HighMountain,ASTERIA,2024,['https://www.youtube.com/watch?v=eiSgHgosxrk'],BgmED,,unclassified,MapleStory
God Has Awakened,High Mountain,HighMountain,ASTERIA,2024,['https://www.youtube.com/watch?v=sikkV3NVz9o'],BgmED,,unclassified,MapleStory
Infiltration,Angler Company,anglerCompany,ASTERIA,2024,['https://www.youtube.com/watch?v=xy0WxGZyk9Y'],BgmED,,unclassified,MapleStory
Into the Deep,Angler Company,anglerCompany,ASTERIA,2024,['https://www.youtube.com/watch?v=4hOaj_aq1Dk'],BgmED,,unclassified,MapleStory
Predator of the Deep Sea,Angler Company boss,anglerCompany,ASTERIA,2024,['https://www.youtube.com/watch?v=LPUV3BXPJSg'],BgmED,,unclassified,MapleStory
What Flowed In,Angler Company,anglerCompany,ASTERIA,2024,['https://www.youtube.com/watch?v=svi69JyQMtI'],BgmED,,unclassified,MapleStory
Hotel Maple,17th anniversary: Hotel Maple,17th_Event,ESTIMATE,2020,['https://www.youtube.com/watch?v=VAbkgEPj7aw'],BgmEvent,,unclassified,MapleStory
Blooming Forest,18th anniversary: Blooming Forest,18th_Event,ASTERIA,2021,['https://www.youtube.com/watch?v=-10jd1l4ioU'],BgmEvent,,unclassified,MapleStory
Maple Momentree,19th anniversary: Maple Momentree,momentree,ASTERIA,2022,['https://www.youtube.com/watch?v=mpQ-J_mu4iw'],BgmEvent,,unclassified,MapleStory
Aquarium -Lofi ver.-,Aquarium Chair effect,3018789,ASTERIA,2021,['https://www.youtube.com/watch?v=-n9U1sMBSfo'],BgmEvent,,unclassified,MapleStory
Freshness,Awakening Mountain (MapleStory Awake),awake_Event,ASTERIA,2020,['https://www.youtube.com/watch?v=t5sTjl9lPt8'],BgmEvent,,unclassified,MapleStory
Capture the Flag,Flag Race guild competition,UnionPQ,StudioEIM,2013,['https://www.youtube.com/watch?v=kCG2WU5PkF0'],BgmEvent,,unclassified,MapleStory
Chu Chu Food Festival,Chu Chu Food Festival event,eChuchu,ASTERIA,2021,['https://www.youtube.com/watch?v=AUyIcdrEp60'],BgmEvent,,unclassified,MapleStory
Coordi King,Coordi King event,MinigameStation,StudioEIM,2013,['https://www.youtube.com/watch?v=-E-O8wMa5d0'],BgmEvent,,unclassified,MapleStory
Dolphin - Night,Maple Tourist Event: Dolphin Island (Nighttime),MinigameStation,StudioEIM,2011,['https://www.youtube.com/watch?v=eQ41JswJdng'],BgmEvent,,unclassified,MapleStory
Dolphin - Noon,Maple Tourist Event: Dolphin Island (Daytime),MinigameStation,StudioEIM,2011,['https://www.youtube.com/watch?v=FbxAXcvyHns'],BgmEvent,,unclassified,MapleStory
Frozen Link -Lofi ver.-,Starlight Symphony - Sentimental Band effect,5121124,ASTERIA,2021,['https://www.youtube.com/watch?v=-FmEMz7qw0g'],BgmEvent,,unclassified,MapleStory
Full Moon Party,Ellinel Full Moon Party event,FullMoonParty,ASTERIA,2020,['https://www.youtube.com/watch?v=4t4CxHRxaeY'],BgmEvent,,unclassified,MapleStory
Funny Rabbit,Generic event background music,MinigameStation,CODASOUND,2003,['https://www.youtube.com/watch?v=rfM5oalkRDI'],BgmEvent,,unclassified,MapleStory
Funny Rabbit (Faster),Generic event background music,MinigameStation,StudioEIM,2003,['https://www.youtube.com/watch?v=43UmtCfYn54'],BgmEvent,,unclassified,MapleStory
14th Anniversary Dynamic Universe,14th anniversary minigame,MapleGalaxy,ASTERIA,2017,['https://www.youtube.com/watch?v=phyPERSwSKg'],BgmEvent,,unclassified,MapleStory
Halloween Main Hall,Halloween event,HuntedMansion,StudioEIM,2012,['https://www.youtube.com/watch?v=l77eZ-QcJm4'],BgmEvent,,unclassified,MapleStory
Halloween Party,Halloween event,HuntedMansion,StudioEIM,2012,['https://www.youtube.com/watch?v=mal0QfNLWOA'],BgmEvent,,unclassified,MapleStory
Halloween Racing,Halloween event,HuntedMansion,StudioEIM,2012,['https://www.youtube.com/watch?v=xP_5fvzevbE'],BgmEvent,,unclassified,MapleStory
Henesys Remix,Maple Tourist Event: Henesys Cherry Blossom Festival,Henesys,StudioEIM,2011,['https://www.youtube.com/watch?v=lPg1OGPepew'],BgmEvent,,unclassified,MapleStory
Ignition Fireworks Festival,Ignition Fireworks Festival (MapleStory Ignition),ignition,ASTERIA,2022,['https://www.youtube.com/watch?v=n2C4_dlfNj0'],BgmEvent,,unclassified,MapleStory
Illiyard Moor -Lofi ver.-,Starlight Symphony - Sentimental Band effect,5121124,ASTERIA,2021,['https://www.youtube.com/watch?v=zsBbw0IftIM'],BgmEvent,,unclassified,MapleStory
Leafre -Lofi ver.-,Starlight Symphony - Sentimental Band effect,5121124,ASTERIA,2021,['https://www.youtube.com/watch?v=Srl1tWFutQE'],BgmEvent,,unclassified,MapleStory
14th Anniversary Frozen Link -piano-,14th anniversary: Petite Planet,MapleGalaxy,ASTERIA,2017,['https://www.youtube.com/watch?v=mc9qDVpsybE'],BgmEvent,,unclassified,MapleStory
14th Anniversary Cosmic Main,14th anniversary: Planet Vita,MapleGalaxy,ASTERIA,2017,['https://www.youtube.com/watch?v=4vxWNgyegPw'],BgmEvent,,unclassified,MapleStory
14th Anniversary Frozen Link,14th anniversary: Planet Glacius,MapleGalaxy,ASTERIA,2017,['https://www.youtube.com/watch?v=d9L1LSCUrk8'],BgmEvent,,unclassified,MapleStory
Maple Live Studio,Maple Live,mapleLIVE,ASTERIA,2021,['https://www.youtube.com/watch?v=Q4pkDpkktfA'],BgmEvent,,unclassified,MapleStory
Maple Live - Pink Bean,Maple Live - Pink Bean,mapleLIVE,ASTERIA,2021,['https://www.youtube.com/watch?v=L5xTgPPBJKk'],BgmEvent,,unclassified,MapleStory
Max Level Chair,Level 250 chair effect,3014028,StudioEIM,2014,['https://www.youtube.com/watch?v=Y3is9OyoGGU'],BgmEvent,,unclassified,MapleStory
Neo Castle,Neo Castle (MapleStory Neo),NeoCastle,ASTERIA,2020,['https://www.youtube.com/watch?v=4xVlmNHG_v0'],BgmEvent,,unclassified,MapleStory
Salon Rise,Salon Rise,Rise,ASTERIA,2019,['https://www.youtube.com/watch?v=_tEnTUZafVE'],BgmEvent,,unclassified,MapleStory
Starlight Symphony,Starlight Symphony (MapleStory Destiny),eStella,ASTERIA,2021,['https://www.youtube.com/watch?v=mEhEkAi1rU0'],BgmEvent,,unclassified,MapleStory
Welcome to the 15th Street,15th anniversary: Maple 15th Street,15st,ASTERIA,2018,['https://www.youtube.com/watch?v=Egkxibww6bI'],BgmEvent,,unclassified,MapleStory
Witch Tower,Witch's Tower event,MinigameStation,StudioEIM,2009,['https://www.youtube.com/watch?v=LF0hEPFskQk'],BgmEvent,,unclassified,MapleStory
Adventure Island,Adventure Island,adventureIsland,ASTERIA,2019,['https://www.youtube.com/watch?v=bA6SLeKHS-c'],BgmEvent2,,unclassified,MapleStory
Club Halloween,2018 Halloween: Club Halloween,event_clubHalloween,ASTERIA,2018,['https://www.youtube.com/watch?v=bCag6Onoug0'],BgmEvent2,,unclassified,MapleStory
Glory Base,Maple Alliance Outpost (MapleStory Glory),Glorion,ASTERIA,2019,['https://www.youtube.com/watch?v=pxFI6etwcDY'],BgmEvent2,,unclassified,MapleStory
Full Moon Goblin Night Market,Full Moon Goblin Night Market,goblinMarket,ASTERIA,2019,['https://www.youtube.com/watch?v=aHknrZHLlbY'],BgmEvent2,,unclassified,MapleStory
Heroes Fiesta,Heroes Fiesta event,hFiesta,ASTERIA,2025,['https://www.youtube.com/watch?v=pFeA45_Oes4'],BgmEvent2,,unclassified,MapleStory
Kite,New Year's Eve kite event,Kite,StudioEIM,2013,['https://www.youtube.com/watch?v=K4kGM9aKBCM'],BgmEvent2,,unclassified,MapleStory
Mini Game Station,Mini Game Station event,MinigameStation,StudioEIM,2013,['https://www.youtube.com/watch?v=VRhE2xNjmP4'],BgmEvent2,,unclassified,MapleStory
MapleStory Universe - 1st Anniversary,MapleStory Universe - 1st Anniversary,mGame1st,ASTERIA,2026,['https://www.youtube.com/watch?v=cIo1vmeT8sE'],BgmEvent2,,unclassified,MapleStory
Expedition to Chew Chew Island -Newtro ver.-,16th anniversary: Newtro Time (Chu Chu Island),16thEvent,ASTERIA,2019,['https://www.youtube.com/watch?v=fCcvhjI7BDk'],BgmEvent2,,unclassified,MapleStory
Newtro Disco,16th anniversary: Newtro Time,16thEvent,ASTERIA,2019,['https://www.youtube.com/watch?v=_v6FtAHKIFw'],BgmEvent2,,unclassified,MapleStory
Beachway -Newtro ver.-,16th anniversary: Newtro Time (Florina Beach),16thEvent,ASTERIA,2019,['https://www.youtube.com/watch?v=CokUXAWcJeU'],BgmEvent2,,unclassified,MapleStory
Floral Life -Newtro ver.-,16th anniversary: Newtro Time (Henesys),16thEvent,ASTERIA,2019,['https://www.youtube.com/watch?v=EXMQpJ0JV5M'],BgmEvent2,,unclassified,MapleStory
Newtro Kingdom,16th anniversary: Newtro Time,16thEvent,ASTERIA,2019,['https://www.youtube.com/watch?v=ynQE0uzOZwI'],BgmEvent2,,unclassified,MapleStory
Start the Adventure -Newtro ver.-,16th anniversary: Newtro Time (Login theme),16thEvent,ASTERIA,2019,['https://www.youtube.com/watch?v=dlAl1cwvMGQ'],BgmEvent2,,unclassified,MapleStory
Fantastic Thinking -Newtro ver.-,16th anniversary: Newtro Time (Ludibrium),16thEvent,ASTERIA,2019,['https://www.youtube.com/watch?v=JS6aQ2K3Vs8'],BgmEvent2,,unclassified,MapleStory
Arab Pirate -Newtro ver.-,16th anniversary: Newtro Time (Balrog theme),16thEvent,ASTERIA,2019,['https://www.youtube.com/watch?v=M-CUrhHhZAQ'],BgmEvent2,,unclassified,MapleStory
Pink Bean Spotlight,Pink Bean's Triple Color Spotlight skill,PinkBean,ASTERIA,2022,['https://www.youtube.com/watch?v=HLxZnFxhW-I'],BgmEvent2,,unclassified,MapleStory
Rhythm,Mesoranger dance event,mRhythm,StudioEIM,2013,['https://www.youtube.com/watch?v=siOIcI8Fa3A'],BgmEvent2,,unclassified,MapleStory
Rhythm 2,Mesoranger dance event,mRhythm,StudioEIM,2013,['https://www.youtube.com/watch?v=iFUeN8brMbo'],BgmEvent2,,unclassified,MapleStory
Rising Star,Smile Luv U (TV size) -instrumental-,MinigameStation,StudioEIM,2011,['https://www.youtube.com/watch?v=oC59ar2ONwI'],BgmEvent2,,unclassified,MapleStory
Rising Star 2,Smile Luv U (TV size),MinigameStation,StudioEIM,2011,['https://www.youtube.com/watch?v=oyLNri1VuOM'],BgmEvent2,,unclassified,MapleStory
Santa Beats,Mesoranger dance event (winter),mRhythm,StudioEIM,2013,['https://www.youtube.com/watch?v=6AY9MkUSc9s'],BgmEvent2,,unclassified,MapleStory
Santa Rocks,Mesoranger dance event (winter),mRhythm,StudioEIM,2013,['https://www.youtube.com/watch?v=t-Ra1k_Dk2k'],BgmEvent2,,unclassified,MapleStory
10th Anniversary Board,10th anniversary event,12th,StudioEIM,2013,['https://www.youtube.com/watch?v=3yvTD3d9OLQ'],BgmEvent2,,unclassified,MapleStory
Union Arena,Union Arena,autoPvP,ASTERIA,2020,['https://www.youtube.com/watch?v=LOQ7HeMndvo'],BgmEvent2,,unclassified,MapleStory
Union Arena - Battlefield,Union Arena battlefield,autoPvP,ASTERIA,2020,['https://www.youtube.com/watch?v=D5f8O1NTSGc'],BgmEvent2,,unclassified,MapleStory
V Event,DJ booth chair effect,3015804,DJ Searcher,2016,['https://www.youtube.com/watch?v=TfofGfdERqA'],BgmEvent2,,unclassified,MapleStory
Outlaw of the Lonely Island,Winter Retreat / Seaside Outlaw event,WaterGun,ASTERIA,2017,['https://www.youtube.com/watch?v=mB7_l1sAovU'],BgmEvent2,,unclassified,MapleStory
Dimension Haunted Mansion,2024 Halloween event,HuntedMansion,ASTERIA,2024,['https://www.youtube.com/watch?v=3K4TWAIP7ug'],BgmEvent3,,unclassified,MapleStory
Maple Racing -In Game-,21st anniversary - Maple Racing minigame,victoriaCup,ASTERIA,2024,['https://www.youtube.com/watch?v=qfMOIJ169mo'],BgmEvent3,,unclassified,MapleStory
Maple Racing -Lobby-,21st anniversary - Maple Racing minigame,victoriaCup,ASTERIA,2024,['https://www.youtube.com/watch?v=qBIWtnD4sVM'],BgmEvent3,,unclassified,MapleStory
Maple Soccer Online,21st anniversary - Maple Soccer Online minigame,multiSoccer,ASTERIA,2024,['https://www.youtube.com/watch?v=MfqGVcr-dPs'],BgmEvent3,,unclassified,MapleStory
An Old Story From Grandma,Mabinogi Nao chair (Bard's Song) effect,3019243,ASTERIA,2024,['https://www.youtube.com/watch?v=7AVs339S-JM'],BgmEvent3,,unclassified,MapleStory
Chipmunk Sweepers - Marionette,21st anniversary - Chipmunk Sweepers minigame,victoriaCup,ASTERIA,2024,['https://www.youtube.com/watch?v=sVxJ87ntnps'],BgmEvent3,,unclassified,MapleStory
Chipmunk Sweepers - Mouse,21st anniversary - Chipmunk Sweepers minigame,victoriaCup,ASTERIA,2024,['https://www.youtube.com/watch?v=MA2xeWsep_g'],BgmEvent3,,unclassified,MapleStory
Chipmunk Sweepers - Snake,21st anniversary - Chipmunk Sweepers minigame,victoriaCup,ASTERIA,2024,['https://www.youtube.com/watch?v=pWK8I7IDR3U'],BgmEvent3,,unclassified,MapleStory
Dancing Sea Otter,Identisk (MapleStory New Age),identisk,ASTERIA,2023,['https://www.youtube.com/watch?v=y3v98cUp6PQ'],BgmEvent3,,unclassified,MapleStory
Dancing Sea Otter Festival,Identisk Festival (MapleStory New Age),identisk,ASTERIA,2023,['https://www.youtube.com/watch?v=VoQ1D65vSDQ'],BgmEvent3,,unclassified,MapleStory
Seals and Dolphins,2024 Dave the Diver collaboration,Goldrich,Mintrocket,2024,['https://www.youtube.com/watch?v=5eiit09VrWY'],BgmEvent3,,unclassified,MapleStory
The Blue Hole,2024 Dave the Diver collaboration chair effect,3019376,Mintrocket,2024,['https://www.youtube.com/watch?v=sTq54A_OEQ8'],BgmEvent3,,unclassified,MapleStory
Diver,2024 Dave the Diver collaboration,Goldrich,Mintrocket,2024,['https://www.youtube.com/watch?v=esEksoHCXqo'],BgmEvent3,,unclassified,MapleStory
Darker Trenches,2024 Dave the Diver collaboration,Goldrich,Mintrocket,2024,['https://www.youtube.com/watch?v=Fc33eRxf1j0'],BgmEvent3,,unclassified,MapleStory
Restaurant Prep,2024 Dave the Diver collaboration,Goldrich,Mintrocket,2024,['https://www.youtube.com/watch?v=LZZfx_aVPZw'],BgmEvent3,,unclassified,MapleStory
"Serve, Sushi, Serve!",2024 Dave the Diver collaboration,Goldrich,Mintrocket,2024,['https://www.youtube.com/watch?v=XItJXb9RyrU'],BgmEvent3,,unclassified,MapleStory
On the Boat,2024 Dave the Diver collaboration chair effect,3019377,Mintrocket,2024,['https://www.youtube.com/watch?v=vtU4m9d11Lc'],BgmEvent3,,unclassified,MapleStory
Tunnel of Darkness,2024 Dave the Diver collaboration,Goldrich,Mintrocket,2024,['https://www.youtube.com/watch?v=wEeYUbY_lO0'],BgmEvent3,,unclassified,MapleStory
Timeworn Tunnel,2024 Dave the Diver collaboration,Goldrich,Mintrocket,2024,['https://www.youtube.com/watch?v=wQhV9Ppffyc'],BgmEvent3,,unclassified,MapleStory
Sharks Like Games Too,2024 Dave the Diver collaboration,Goldrich,Mintrocket,2024,['https://www.youtube.com/watch?v=DQWjzmYBn70'],BgmEvent3,,unclassified,MapleStory
Ignition Full Moon Party,2022 Ignition Full Moon Party event,ignition,ASTERIA,2022,['https://www.youtube.com/watch?v=_UlS4xxGcag'],BgmEvent3,,unclassified,MapleStory
The Lake of Oblivion (jam-jam Remix),2023 DJMAX RESPECT V collaboration,5204047,jam-jam,2023,['https://www.youtube.com/watch?v=MeHzf8F9WOA'],BgmEvent3,,unclassified,MapleStory
Dream Festival,Lacheln in a Dream (MapleStory Dreamer),lucidDream,ASTERIA,2023,['https://www.youtube.com/watch?v=aPCWs9gSkwU'],BgmEvent3,,unclassified,MapleStory
Masquerade in a Dream,Lacheln in a Dream (MapleStory Dreamer),lucidDream,ASTERIA,2023,['https://www.youtube.com/watch?v=OSaDIMldgiM'],BgmEvent3,,unclassified,MapleStory
After the Festival Is Over,Lacheln in a Dream (MapleStory Dreamer),lucidDream,ASTERIA,2024,['https://www.youtube.com/watch?v=kootP0-YdQE'],BgmEvent3,,unclassified,MapleStory
Maple Danmak,Spirit's Memory event,square,ASTERIA,2024,['https://www.youtube.com/watch?v=uiKbp1QbbFY'],BgmEvent3,,unclassified,MapleStory
Mapril Island,20th anniversary: Mapril Island,20th_Event,ASTERIA,2023,['https://www.youtube.com/watch?v=J8KG_wQVHNw'],BgmEvent3,,unclassified,MapleStory
Minar Autumn Picnic,2023 Minar Autumn Picnic event,minarPicnic,ASTERIA,2023,['https://www.youtube.com/watch?v=_jA050cfdK8'],BgmEvent3,,unclassified,MapleStory
MSU Hyper Summer Dinner,Hyper Summer event,idleIsland,ASTERIA,2026,['https://www.youtube.com/watch?v=fabat4re8G0'],BgmEvent3,,unclassified,MapleStory
MSU Hyper Summer Lunch,Hyper Summer event,idleIsland,ASTERIA,2026,['https://www.youtube.com/watch?v=VgMqY6DPOF8'],BgmEvent3,,unclassified,MapleStory
MSU Hyper Summer Morning,Hyper Summer event,idleIsland,ASTERIA,2026,['https://www.youtube.com/watch?v=eFOwpXTgdWE'],BgmEvent3,,unclassified,MapleStory
MSU Winter Event,The Age of V event & Pudgy World,hFiesta,ASTERIA,2025,['https://www.youtube.com/watch?v=FlAASALvIY0'],BgmEvent3,,unclassified,MapleStory
Story of Maple,2023 DJMAX RESPECT V collaboration,5010268,Mycin.T x ned,2023,['https://www.youtube.com/watch?v=kXijRwgZ7b8'],BgmEvent3,,unclassified,MapleStory
Ariant (ned Remix),2023 DJMAX RESPECT V collaboration,5204047,ned,2023,['https://www.youtube.com/watch?v=haIZ_AdoXfw'],BgmEvent3,,unclassified,MapleStory
Origin of Records,Origin of Records (MapleStory Milestone),2024SummerLibrary,ASTERIA,2024,['https://www.youtube.com/watch?v=L5874vOgeHY'],BgmEvent3,,unclassified,MapleStory
Fairytale (Pan Remix),2023 DJMAX RESPECT V collaboration,5204047,Pan,2023,['https://www.youtube.com/watch?v=huZ90iw0FOo'],BgmEvent3,,unclassified,MapleStory
The Tune of the Azure Light (Parang Remix),2023 DJMAX RESPECT V collaboration,5204047,Parang,2023,['https://www.youtube.com/watch?v=9nwQTQtOyKg'],BgmEvent3,,unclassified,MapleStory
Moonlight Shadow (Paul Bazooka Remix),2023 DJMAX RESPECT V collaboration,5204047,Paul Bazooka,2023,['https://www.youtube.com/watch?v=hysUL7OuzxU'],BgmEvent3,,unclassified,MapleStory
Missing You (SOPHI Remix),2023 DJMAX RESPECT V collaboration,5204047,SOPHI,2023,['https://www.youtube.com/watch?v=34Ukh7U_vVg'],BgmEvent3,,unclassified,MapleStory
Sunset Over the Horizon,Tirnog Blueprint (MapleStory Milestone),tirnog,ASTERIA,2024,['https://www.youtube.com/watch?v=5ssgcET1ADU'],BgmEvent3,,unclassified,MapleStory
Victoria Cup -Day-,21st anniversary: Victoria Cup,victoriaCup,ASTERIA,2024,['https://www.youtube.com/watch?v=hWNSMcmqKsk'],BgmEvent3,,unclassified,MapleStory
Victoria Cup -Night-,21st anniversary: Victoria Cup,victoriaCup,ASTERIA,2024,['https://www.youtube.com/watch?v=o3h6eFu6dYg'],BgmEvent3,,unclassified,MapleStory
We Are Not Afraid -boss master loop-,2023 Minar Autumn Picnic (Forest Blast) event,abyssForest,ASTERIA,2023,['https://www.youtube.com/watch?v=ysoahiSOjf4'],BgmEvent3,,unclassified,MapleStory
Wonstaurant,Wonstaurant (MapleStory Savior),2022winter,ASTERIA,2022,['https://www.youtube.com/watch?v=wCWq736XLao'],BgmEvent3,,unclassified,MapleStory
Floral Life -Xmas ver.-,2022 Christmas - Henesys,Henesys,ASTERIA,2022,['https://www.youtube.com/watch?v=tMCICVxXrVY'],BgmEvent3,,unclassified,MapleStory
Leafre -Xmas ver.-,2022 Christmas - Leafre,Leafre,ASTERIA,2022,['https://www.youtube.com/watch?v=LgFDYq-gOQI'],BgmEvent3,,unclassified,MapleStory
Lake Of Oblivion -Xmas ver.-,2022 Christmas - Nameless Town,Road of Vanishing,ASTERIA,2022,['https://www.youtube.com/watch?v=FJzdLSaqQzI'],BgmEvent3,,unclassified,MapleStory
When It Snows in Cernium,2023 Christmas - Cernium,Cernium,ASTERIA,2023,['https://www.youtube.com/watch?v=9-HUOufRkcc'],BgmEvent3,,unclassified,MapleStory
The Lost City Among the Clouds -Xmas ver.-,2025 Christmas - Odium,odium,ASTERIA,2025,['https://www.youtube.com/watch?v=8P94Ay-uuqQ'],BgmEvent3,,unclassified,MapleStory
A Twilight Evernia Festival,Twilight Eve Festival (MapleStory Assemble),Evernia,ASTERIA,2025,['https://www.youtube.com/watch?v=BaML2E64LPo'],BgmEvent4,,unclassified,MapleStory
Carcion Festival,Carcion Octo Festival,strangerTide,ASTERIA,2025,['https://www.youtube.com/watch?v=wkLMCmmrfQk'],BgmEvent4,,unclassified,MapleStory
Carcion Festival with Everyone,Carcion Octo Festival,strangerTide,ASTERIA,2025,['https://www.youtube.com/watch?v=nmd-NS9dmb8'],BgmEvent4,,unclassified,MapleStory
NEXT TO -instrumental-,MapleStory NEXT ending theme song,DawnStar,ASTERIA,2024,['https://www.youtube.com/watch?v=48lWbmLaQ_Y'],BgmEvent4,,unclassified,MapleStory
Flower Scented Corridor,Dawn Star Banquet (MapleStory NEXT),DawnStar,ASTERIA,2024,['https://www.youtube.com/watch?v=zt-FtBK5mmA'],BgmEvent4,,unclassified,MapleStory
Funny Days of Maple Island,23rd anniversary: Maple Attack!,23rd,ASTERIA,2026,['https://www.youtube.com/watch?v=NijMGn9Sh-A'],BgmEvent4,,unclassified,MapleStory
Hope Blossoms,22nd anniversary: Maple University,22nd,ASTERIA,2025,['https://www.youtube.com/watch?v=ZGTF6rhWk9c'],BgmEvent4,,unclassified,MapleStory
Illusion Fantasia,Tallahart - Night of Illusions (MapleStory Crown),tallahart,ASTERIA,2025,['https://www.youtube.com/watch?v=fsZt5a2K26Q'],BgmEvent4,,unclassified,MapleStory
NEXT ONE -instrumental-,MapleStory NEXT opening theme song,DawnStar,ASTERIA,2024,['https://www.youtube.com/watch?v=g60imV0mdCE'],BgmEvent4,,unclassified,MapleStory
Monster Park Staff Lounge,Monster Park Turmoil,monsterParkOffice,ASTERIA,2025,['https://www.youtube.com/watch?v=dsvrbnaTTjs'],BgmEvent4,,unclassified,MapleStory
Welcome to the MVP Resort,MVP Resort,mvpResort,ASTERIA,2025,['https://www.youtube.com/watch?v=UTD7W8aYw7A'],BgmEvent4,,unclassified,MapleStory
Nightmare Forest,Lucid Nightmare Forest event,LucidNightmareForest,ASTERIA,2026,['https://www.youtube.com/watch?v=o3k-Ajw3ohs'],BgmEvent4,,unclassified,MapleStory
Play With Me Again,Maple Hideout,mapleAgit,ASTERIA,2025,['https://www.youtube.com/watch?v=SfAvtCj_a_M'],BgmEvent4,,unclassified,MapleStory
Play With Me All Day,Maple Hideout,mapleAgit,ASTERIA,2025,['https://www.youtube.com/watch?v=0PKOCUBh-fY'],BgmEvent4,,unclassified,MapleStory
Rippling Battle of Maple Island,23rd anniversary: Maple Attack! - BTS Jin boss theme,23rd,ASTERIA,2026,['https://www.youtube.com/watch?v=1jjoC4KN4BU'],BgmEvent4,,unclassified,MapleStory
Shattered Time - Garden of Eternal Dream,Lucid's Garden of Eternal Dream skill,LucidNightmareForest,ASTERIA,2026,['https://www.youtube.com/watch?v=Hv6fAamCEjU'],BgmEvent4,,unclassified,MapleStory
Sparkling Festival of Maple Island,23rd anniversary: Maple Attack!,23rd,ASTERIA,2026,['https://www.youtube.com/watch?v=ne2uxcZxrJ8'],BgmEvent4,,unclassified,MapleStory
Starry Dawn Garden,Dawn Star Banquet (MapleStory NEXT),DawnStar,ASTERIA,2024,['https://www.youtube.com/watch?v=-5k1aracOQo'],BgmEvent4,,unclassified,MapleStory
Virtual Combat System,Monster Park Turmoil - Virtual Combat System,monsterParkOffice,ASTERIA,2025,['https://www.youtube.com/watch?v=Zi4k-kmhF5k'],BgmEvent4,,unclassified,MapleStory
Warm Regard -Night-,2025 Halloween: Yeti Night,ElNath,ASTERIA,2025,['https://www.youtube.com/watch?v=8gWWBx-D5Wk'],BgmEvent4,,unclassified,MapleStory
Wind and Flower - Trial of Illusion,Lucid - Athena Pierce event boss,Eurel,ASTERIA,2026,['https://www.youtube.com/watch?v=2Fo_SAkWQFQ'],BgmEvent4,,unclassified,MapleStory
Doki Doki Maid Cafe,Oshi Discovery Project event,2026Mahjong,ASTERIA,2026,['https://www.youtube.com/watch?v=lcivl7sI6l0'],BgmEventJP,,unclassified,MapleStory
Kira Kira Sunshine City,Oshi Discovery Project event,2026Bias,ASTERIA,2026,['https://www.youtube.com/watch?v=Fbbs1j7hY-g'],BgmEventJP,,unclassified,MapleStory
Fantastic Theme Park,Fantasy Theme World,FantasticPark,ASTERIA,2017,['https://www.youtube.com/watch?v=qdL4zkXajPU'],BgmFT,,unclassified,MapleStory
Amoria,Amoria,Wedding,StudioEIM,2006,['https://www.youtube.com/watch?v=hCdooZxzISo'],BgmGL,,unclassified,MapleStory
Amorian Challenge,Amorian Challenge,Wedding,StudioEIM,2007,['https://www.youtube.com/watch?v=fetvn2jzc9Q'],BgmGL,,unclassified,MapleStory
Bigfoot,Crimsonwood: Bigfoot boss theme,Crimsonwood,StudioEIM,2008,['https://www.youtube.com/watch?v=X0pUdlLwIhA'],BgmGL,,unclassified,MapleStory
Blackgate,Blackgate City,BlackgateCity,StudioEIM,2015,['https://www.youtube.com/watch?v=2v-Mm-soYvw'],BgmGL,,unclassified,MapleStory
Cathedral,Amoria: Cathedral,Wedding,StudioEIM,2006,['https://www.youtube.com/watch?v=uqBUXZdBvVU'],BgmGL,,unclassified,MapleStory
Chapel,Amoria: Chapel,Wedding,StudioEIM,2006,['https://www.youtube.com/watch?v=NJ6UMbOgQjU'],BgmGL,,unclassified,MapleStory
Courtyard,Crimsonwood Keep: Courtyard,Crimsonwood,StudioEIM,2009,['https://www.youtube.com/watch?v=h0_8MftVy90'],BgmGL,,unclassified,MapleStory
Crimsonwood Keep,Crimsonwood Mountain (pre-2019),Crimsonwood,StudioEIM,2008,['https://www.youtube.com/watch?v=CZoYt7HHSik'],BgmGL,,unclassified,MapleStory
Crimsonwood Keep Interior,Crimsonwood Keep,Crimsonwood,StudioEIM,2009,['https://www.youtube.com/watch?v=qbY2KUn3dmM'],BgmGL,,unclassified,MapleStory
Dark Maplemas Eve,2024 Dark Maplemas event,DarkMaplemas,ASTERIA,2024,['https://www.youtube.com/watch?v=x3z9YMomTkc'],BgmGL,,unclassified,MapleStory
Familiar Adventure,Mystic Frontier Champions,GL_FamiliarAdventure,ASTERIA,2026,['https://www.youtube.com/watch?v=Mifaocxk6I4'],BgmGL,,unclassified,MapleStory
Burning Santa,2015 Sizzling Santa event,HappyVillage,StudioEIM,2015,['https://www.youtube.com/watch?v=W8uREXc8Tzk'],BgmGL,,unclassified,MapleStory
Burning Santa (Alterate Version),2015 Sizzling Santa event,HappyVillage,StudioEIM,2015,['https://www.youtube.com/watch?v=i-wfyqyxWeM'],BgmGL,,unclassified,MapleStory
Go West: Maple Boys,MapleStory GO WEST! Maple Boys theme,1006520,ASTERIA,2024,['https://www.youtube.com/watch?v=biwVhDM4B94'],BgmGL,,unclassified,MapleStory
Go West: Maple Boys -loop-,MapleStory GO WEST! Maple Boys theme,1006520,ASTERIA,2024,['https://www.youtube.com/watch?v=tgc8zjJ-KJU'],BgmGL,,unclassified,MapleStory
Go West: Maple Punk,MapleStory GO WEST! Maple Punk theme,1006522,ASTERIA,2024,['https://www.youtube.com/watch?v=Oj9xvZi8IbY'],BgmGL,,unclassified,MapleStory
Grandmaster's Gauntlet,Crimsonwood Party Quest: Grandmaster boss theme,Crimsonwood,StudioEIM,2009,['https://www.youtube.com/watch?v=rsASgHchliQ'],BgmGL,,unclassified,MapleStory
Haunted House,Haunted House,Halloween,StudioEIM,2007,['https://www.youtube.com/watch?v=nbGQyrGizRQ'],BgmGL,,unclassified,MapleStory
Madhouse,2015 Halloween: Madhouse,MadHouse,StudioEIM,2015,['https://www.youtube.com/watch?v=lRC_rHuks08'],BgmGL,,unclassified,MapleStory
Madhouse Ending,2015 Halloween: Madhouse ending,MadHouse,StudioEIM,2015,['https://www.youtube.com/watch?v=61JeULEXhZg'],BgmGL,,unclassified,MapleStory
War for the Castle,Masteria Through Time: Act 3 Naricain's Assault,GLblockbuster,ASTERIA,2016,['https://www.youtube.com/watch?v=kMp88mh3uB0'],BgmGL,,unclassified,MapleStory
An Eternal Breath -instrumental-,Masteria Through Time theme,GLblockbuster,ASTERIA,2016,['https://www.youtube.com/watch?v=sLoeKIxeHIM'],BgmGL,,unclassified,MapleStory
An Eternal Breath,Masteria Through Time: Act 4 ending,GLblockbuster,ASTERIA,2016,['https://www.youtube.com/watch?v=a5inRrauUZA'],BgmGL,,unclassified,MapleStory
Jungle Pursuit,Masteria Through Time: Act 1 Krakian Jungle,GLblockbuster,ASTERIA,2016,['https://www.youtube.com/watch?v=GKfCI58qgwM'],BgmGL,,unclassified,MapleStory
New Leaf City - Boss,2022 New Leaf City: Galacto-Drill boss theme,NLC,StudioEIM,2012,['https://www.youtube.com/watch?v=X6GR21aZ7WM'],BgmGL,,unclassified,MapleStory
New Leaf City - Field,2022 New Leaf City: Krakian Jungle,NLC,StudioEIM,2012,['https://www.youtube.com/watch?v=yYfxATnVF1Q'],BgmGL,,unclassified,MapleStory
New Leaf City - Hunt,New Leaf City: Krakian Jungle,NLC,StudioEIM,2007,['https://www.youtube.com/watch?v=UB_Dn0LCYLE'],BgmGL,,unclassified,MapleStory
New Leaf City - Kidnap,2022 New Leaf City: Alien Base,NLC,StudioEIM,2012,['https://www.youtube.com/watch?v=Ye-iYhVZpcI'],BgmGL,,unclassified,MapleStory
New Leaf City - Town,New Leaf City,NLC,StudioEIM,2007,['https://www.youtube.com/watch?v=EXv5madDarI'],BgmGL,,unclassified,MapleStory
New Leaf City - Town (Alien Invasion),2022 New Leaf City,NLC,StudioEIM,2012,['https://www.youtube.com/watch?v=SuNPfne8Oxw'],BgmGL,,unclassified,MapleStory
New Leaf City - Upbeat,New Leaf City: MesoGears,NLC,StudioEIM,2007,['https://www.youtube.com/watch?v=d0kE_pLlE2U'],BgmGL,,unclassified,MapleStory
O Holy Fright,2024 Dark Maplemas event,DarkMaplemas,ASTERIA,2024,['https://www.youtube.com/watch?v=dFyYUc9VSgg'],BgmGL,,unclassified,MapleStory
Crimsonwood Party Quest,Crimsonwood Keep Party Quest,Crimsonwood,StudioEIM,2009,['https://www.youtube.com/watch?v=xfq61ugRGBo'],BgmGL,,unclassified,MapleStory
Phantom Forest (Original),Crimsonwood: Phantom Forest (pre-2019),Crimsonwood,StudioEIM,2008,['https://www.youtube.com/watch?v=JDK9B4IWxdg'],BgmGL,,unclassified,MapleStory
Slay Ride,2024 Dark Maplemas event,DarkMaplemas,ASTERIA,2024,['https://www.youtube.com/watch?v=dTtTTpd7JvI'],BgmGL,,unclassified,MapleStory
The New Leaf Mall,New Leaf Mall event,mapleAgit,ASTERIA,2026,['https://www.youtube.com/watch?v=mn9jFDR6KmM'],BgmGL,,unclassified,MapleStory
The Whole New Leaf Mall,New Leaf Mall event,mapleAgit,ASTERIA,2026,['https://www.youtube.com/watch?v=VO_CNlOYohU'],BgmGL,,unclassified,MapleStory
V Hi-Five,MapleStory Hi-Five showcase mashup login theme,Event,DJ Searcher,2016,['https://www.youtube.com/watch?v=5mc1scCcHwY'],BgmGL,,unclassified,MapleStory
Mr. Lee World Tour: China,Mr. Lee World Tour: China,worldTour,StudioEIM,2014,['https://www.youtube.com/watch?v=ATYgxfxPTgI'],BgmGL2D,,unclassified,MapleStory
Mr. Lee World Tour: Europe,Mr. Lee World Tour: Europe,worldTour,StudioEIM,2014,['https://www.youtube.com/watch?v=_B6q_BimGsA'],BgmGL2D,,unclassified,MapleStory
Mr. Lee World Tour: Japan,Mr. Lee World Tour: Japan,worldTour,StudioEIM,2014,['https://www.youtube.com/watch?v=MFVwKUHbz-o'],BgmGL2D,,unclassified,MapleStory
Mr. Lee World Tour: Malaysia,Mr. Lee World Tour: Malaysia,worldTour,StudioEIM,2014,['https://www.youtube.com/watch?v=_IqL4rg2MmM'],BgmGL2D,,unclassified,MapleStory
Mr. Lee Island,Mr. Lee World Tour: Island 7,worldTour,StudioEIM,2014,['https://www.youtube.com/watch?v=UrJrZKgTiYY'],BgmGL2D,,unclassified,MapleStory
Mr. Lee World Tour: Singapore,Mr. Lee World Tour: Singapore,worldTour,StudioEIM,2014,['https://www.youtube.com/watch?v=tK8yb2SYl3o'],BgmGL2D,,unclassified,MapleStory
Mr. Lee World Tour: Taiwan,Mr. Lee World Tour: Taiwan,worldTour,StudioEIM,2014,['https://www.youtube.com/watch?v=hrZNYd5uYyI'],BgmGL2D,,unclassified,MapleStory
Mr. Lee World Tour: Thailand,Mr. Lee World Tour: Thailand,worldTour,StudioEIM,2014,['https://www.youtube.com/watch?v=ozpBZVrtEJI'],BgmGL2D,,unclassified,MapleStory
Bathroom,Zipangu: Showa Sauna,JP_shouwa,StudioEIM,2005,['https://www.youtube.com/watch?v=yRrCGa54Vbo'],BgmJp,,unclassified,MapleStory
Battlefield,Zipangu: Showa Hideout,JP_shouwa,StudioEIM,2005,['https://www.youtube.com/watch?v=ZDS4Dd7ULvM'],BgmJp,,unclassified,MapleStory
Bizarre Forest,"Zipangu: Mushroom Shrine Cemetery, Pine Forest",jipangu,CODASOUND,2004,['https://www.youtube.com/watch?v=9kmYUElcL_w'],BgmJp,,unclassified,MapleStory
Castle Boss,Zipangu: Ninja Castle boss theme,jipangu,StudioEIM,2007,['https://www.youtube.com/watch?v=_mSoAfONu6U'],BgmJp,,unclassified,MapleStory
Castle Inside,Zipangu: Ninja Castle indoors,jipangu,StudioEIM,2007,['https://www.youtube.com/watch?v=8bvx6bZ8WnA'],BgmJp,,unclassified,MapleStory
Castle Outside,Zipangu: Ninja Castle outdoors,jipangu,StudioEIM,2007,['https://www.youtube.com/watch?v=6yJ3_i6emNw'],BgmJp,,unclassified,MapleStory
Castle Trap,Zipangu: Ninja Castle trap room,jipangu,StudioEIM,2007,['https://www.youtube.com/watch?v=c310tdhrwtk'],BgmJp,,unclassified,MapleStory
City Hall,Tokyo Metropolitan Government,JP_TokyoCentral,StudioEIM,2014,['https://www.youtube.com/watch?v=6eY155X67Ww'],BgmJp,,unclassified,MapleStory
City Warfare,Tokyo City Hall,JP_TokyoCentral,StudioEIM,2014,['https://www.youtube.com/watch?v=unR2SUdW3Oc'],BgmJp,,unclassified,MapleStory
Feeling,Zipangu: Mushroom Shrine,jipangu,StudioEIM,2004,['https://www.youtube.com/watch?v=SdcsTuVLJk0'],BgmJp,,unclassified,MapleStory
First Step Master,Maple Island: Mushroom Town Training Camp,MushroomVillage,StudioEIM,2006,['https://www.youtube.com/watch?v=ePUZA7yRJVM'],BgmJp,,unclassified,MapleStory
Kabuki,Tokyo: Kabukicho,JP_Kabukicho,StudioEIM,2014,['https://www.youtube.com/watch?v=K4Lg7Ny5kX0'],BgmJp,,unclassified,MapleStory
Goddess Mark,Reina Kondo - Goddess Mark (Ignition theme),TestServer,Reina Kondo,2022,['https://www.youtube.com/watch?v=iQbq7o-kyBY'],BgmJp,,unclassified,MapleStory
Hana,"Similar to Yume, but unused",JP_shouwa,StudioEIM,2004,['https://www.youtube.com/watch?v=1nj0TXt_23c'],BgmJp,,unclassified,MapleStory
Morning Shot,2007 Funky Monkey Babys collaboration,Event,StudioEIM,2007,['https://www.youtube.com/watch?v=He-cxSXHS8A'],BgmJp,,unclassified,MapleStory
Tokyo Central Boss,Tokyo City Hall boss theme,JP_TokyoCentral,StudioEIM,2014,['https://www.youtube.com/watch?v=VBGL3ESb008'],BgmJp,,unclassified,MapleStory
Yume,Zipangu: Showa Town,JP_shouwa,StudioEIM,2004,['https://www.youtube.com/watch?v=58QPkwCSd4Y'],BgmJp,,unclassified,MapleStory
Akihabara,"Neo City: Midnight Harbor, Neo Tokyo: Odaiba",Tokyo,StudioEIM,2008,['https://www.youtube.com/watch?v=47hrhA3OqkU'],BgmJp2,,unclassified,MapleStory
Kamuna,"Neo City: Tera Forest, Neo Tokyo: Kamuna",TokyoK,StudioEIM,2008,['https://www.youtube.com/watch?v=BB1l4zunOVU'],BgmJp2,,unclassified,MapleStory
Odaiba,"Neo City: Bombed City Center, Neo Tokyo: Akihabara",Tokyo,StudioEIM,2008,['https://www.youtube.com/watch?v=KO8911CzgMU'],BgmJp2,,unclassified,MapleStory
Office,"Neo City: Dangerous Tower, Neo Tokyo: Akihabara Resistance HQ",Tokyo,StudioEIM,2008,['https://www.youtube.com/watch?v=nxtdTBejXRY'],BgmJp2,,unclassified,MapleStory
Park,"Neo City: Average Town, Neo Tokyo: 2095 Park",Tokyo,StudioEIM,2008,['https://www.youtube.com/watch?v=HDsv0jH1RzI'],BgmJp2,,unclassified,MapleStory
Rockbongi 1,Neo Tokyo: 2102 Shibuya / Roppongi Mall,Tokyo,StudioEIM,2009,['https://www.youtube.com/watch?v=CFUHMREh1NU'],BgmJp2,,unclassified,MapleStory
Rockbongi 2,Neo Tokyo: 2102 Shibuya / Roppongi Mall boss theme,Tokyo,StudioEIM,2009,['https://www.youtube.com/watch?v=ygZRlNsI0u8'],BgmJp2,,unclassified,MapleStory
Tokyo Sky,"Neo City: Air Battleship Hermes, Neo Tokyo: 2102 Tokyo Sky",Tokyo,StudioEIM,2008,['https://www.youtube.com/watch?v=MVCmEQSeZak'],BgmJp2,,unclassified,MapleStory
Assumptio,Silent Crusade storyline,CrossHunter,StudioEIM,2015,['https://www.youtube.com/watch?v=fO9MLqOwXWg'],BgmJp3,,unclassified,MapleStory
Corruptio Sanguinis,Silent Crusade storyline,CrossHunter,StudioEIM,2015,['https://www.youtube.com/watch?v=2G_KCtvWTRk'],BgmJp3,,unclassified,MapleStory
Darkness Soul,Silent Crusade storyline,CrossHunter,StudioEIM,2015,['https://www.youtube.com/watch?v=xAAo_xCTqb4'],BgmJp3,,unclassified,MapleStory
Hieijan,Zipangu: Hieizan Temple,JP_Hieijan,StudioEIM,2014,['https://www.youtube.com/watch?v=4c48SktoA6U'],BgmJp3,,unclassified,MapleStory
Hieijan No Hime,"Zipangu: Hieizan Temple, Princess No boss theme",JP_Nohime,StudioEIM,2014,['https://www.youtube.com/watch?v=vDwB1oxSJyE'],BgmJp3,,unclassified,MapleStory
Kinoko No Uta,2021 Hokto collaboration chair effect,3018753,Kinoko Allstars,2021,['https://www.youtube.com/watch?v=NQ5wY1RpTm4'],BgmJp3,,unclassified,MapleStory
Inside Honnouji,"Zipangu: Honnou-ji, Ranmaru boss theme",Honnouji,StudioEIM,2012,['https://www.youtube.com/watch?v=WK-aE_3PF8g'],BgmJp3,,unclassified,MapleStory
Kecon,"Japanese wedding, Zipangu: Momijigaoka",Wedding,StudioEIM,2010,['https://www.youtube.com/watch?v=3fVO9GWfILs'],BgmJp3,,unclassified,MapleStory
Lex Divina,Silent Crusade storyline,CrossHunter,StudioEIM,2015,['https://www.youtube.com/watch?v=AY1m7dQ-P6I'],BgmJp3,,unclassified,MapleStory
Magnus Sigillo,Silent Crusade storyline,CrossHunter,StudioEIM,2015,['https://www.youtube.com/watch?v=YvBFEWfokjM'],BgmJp3,,unclassified,MapleStory
Momijigaoka,Zipangu: Momijigaoka,JP_Momijigaoka,StudioEIM,2012,['https://www.youtube.com/watch?v=ydtzNwT0Tys'],BgmJp3,,unclassified,MapleStory
Momiji No Sakamichi,Zipangu: Momiji Hills,JP_Momijigaoka,StudioEIM,2012,['https://www.youtube.com/watch?v=Vwn3_L3hyqY'],BgmJp3,,unclassified,MapleStory
Sengoku Boss,"Takigawa Kazumasu boss theme, Sengoku quest",Honnouji,StudioEIM,2012,['https://www.youtube.com/watch?v=OKufViI86Tk'],BgmJp3,,unclassified,MapleStory
Signum Crucis,Silent Crusade storyline,CrossHunter,StudioEIM,2015,['https://www.youtube.com/watch?v=6xKvhbvoyMQ'],BgmJp3,,unclassified,MapleStory
The Cross Brigade,Silent Crusade storyline,CrossHunter,StudioEIM,2015,['https://www.youtube.com/watch?v=9v6d8N3N9HY'],BgmJp3,,unclassified,MapleStory
Legend of Zipang,Mushroom Shrine Tales theme,jipangu,ASTERIA,2016,['https://www.youtube.com/watch?v=48u6RCI9hSg'],BgmJp4_Zipang,,unclassified,MapleStory
Legend of Zipang ~reprise~,Mushroom Shrine Tales - Act 5 ending,jipangu,ASTERIA,2016,['https://www.youtube.com/watch?v=F1DvK7E0kUE'],BgmJp4_Zipang,,unclassified,MapleStory
Legend of Zipang ~sad~,Mushroom Shrine Tales - Act 2 & 5 sad theme,jipangu,ASTERIA,2016,['https://www.youtube.com/watch?v=Kz8VmXpyPLU'],BgmJp4_Zipang,,unclassified,MapleStory
Legend of Zipang ~silence~,Zipangu: Mushroom Shrine (2016 revamp),jipangu,ASTERIA,2016,['https://www.youtube.com/watch?v=nAjsQ902it0'],BgmJp4_Zipang,,unclassified,MapleStory
Living Again,Mushroom Shrine Tales ending credits,jipangu,ASTERIA,2016,['https://www.youtube.com/watch?v=kNGnsV_4mxE'],BgmJp4_Zipang,,unclassified,MapleStory
Living Again ~reprise~,Mushroom Shrine Tales ending credits,jipangu,ASTERIA,2016,['https://www.youtube.com/watch?v=9zQXcyMz9Q4'],BgmJp4_Zipang,,unclassified,MapleStory
Tengou's Trial,Mushroom Shrine Tales - Tengu boss theme,jipangu,ASTERIA,2016,['https://www.youtube.com/watch?v=-PFT0rDJpNk'],BgmJp4_Zipang,,unclassified,MapleStory
Yokai Boso,Mushroom Shrine Tales battle theme,jipangu,ASTERIA,2016,['https://www.youtube.com/watch?v=7O5EA1KVZSo'],BgmJp4_Zipang,,unclassified,MapleStory
Zipang Hero,Mushroom Shrine Tales Act 4,jipangu,ASTERIA,2016,['https://www.youtube.com/watch?v=OhzWkiTds2o'],BgmJp4_Zipang,,unclassified,MapleStory
Deer My Dear,Lynn storyline,ForestofEternity,ASTERIA,2024,['https://www.youtube.com/watch?v=1IjkMl4uvow'],BgmLYNN,,unclassified,MapleStory
Empty Wishes,Lynn storyline,ForestofEternity,ASTERIA,2024,['https://www.youtube.com/watch?v=V0K-Iqk10w8'],BgmLYNN,,unclassified,MapleStory
Into the Woods,Forest of Eternity field,ForestofEternity,ASTERIA,2024,['https://www.youtube.com/watch?v=ZYOHMiayA7k'],BgmLYNN,,unclassified,MapleStory
My Little Cottage,Forest of Eternity: Forest Entrance Cabin,ForestofEternity,ASTERIA,2024,['https://www.youtube.com/watch?v=eZiLN1NBahU'],BgmLYNN,,unclassified,MapleStory
Our Story Goes On,Forest of Eternity: Fountain of Reincarnation,ForestofEternity,ASTERIA,2024,['https://www.youtube.com/watch?v=ky0dsOW2tZY'],BgmLYNN,,unclassified,MapleStory
Somewhere Beyond the Cliff,Forest of Eternity: Sea Cliff,ForestofEternity,ASTERIA,2024,['https://www.youtube.com/watch?v=oebLavw3F4M'],BgmLYNN,,unclassified,MapleStory
Whispers of the Trees,Forest of Eternity field,ForestofEternity,ASTERIA,2024,['https://www.youtube.com/watch?v=VuawsyejZVc'],BgmLYNN,,unclassified,MapleStory
Ren - Login Theme,Ren login theme,TestServer,ASTERIA,2025,['https://www.youtube.com/watch?v=wrMtaordn88'],BgmLogin,,unclassified,MapleStory
Unleashed Energy,Mo Xuan's Unleashed Energy skill,Hajin,ASTERIA,2021,['https://www.youtube.com/watch?v=EQaK1VqKktE'],BgmMH,,unclassified,MapleStory
Fate,Mo Xuan storyline,Hajin,ASTERIA,2021,['https://www.youtube.com/watch?v=z-ZtDeDsCpA'],BgmMH,,unclassified,MapleStory
God of War,Mo Xuan storyline,Hajin,ASTERIA,2021,['https://www.youtube.com/watch?v=DbaFuwqTO1s'],BgmMH,,unclassified,MapleStory
Hejin,Jianghu: Hejin,Hajin,ASTERIA,2021,['https://www.youtube.com/watch?v=DuO0_fZkHCI'],BgmMH,,unclassified,MapleStory
Xuan Mountain,Jianghu: Xuan Mountain,Hajin,ASTERIA,2021,['https://www.youtube.com/watch?v=5cbxigyRMaY'],BgmMH,,unclassified,MapleStory
Xuan Mountain School,Jianghu: Xuan Mountain School,Hajin,ASTERIA,2021,['https://www.youtube.com/watch?v=6ugjjd7HaD4'],BgmMH,,unclassified,MapleStory
Indomitable,Mo Xuan storyline,Hajin,ASTERIA,2021,['https://www.youtube.com/watch?v=TA3zWgdk-qk'],BgmMH,,unclassified,MapleStory
Threat,Jianghu: Valley of Flames,Hajin,ASTERIA,2021,['https://www.youtube.com/watch?v=hS-QrEDtxuM'],BgmMH,,unclassified,MapleStory
DAYBREAK,2014 Hatsune Miku collaboration,1004287,Mafumafu feat. Hatsune Miku,2012,['https://www.youtube.com/watch?v=jwCWnyuAJFY'],BgmMIKU,,unclassified,MapleStory
Monokuro to Yuusha no Idenshi,2014 Hatsune Miku collaboration,1004287,Mafumafu feat. Hatsune Miku,2014,['https://www.youtube.com/watch?v=JF1Nn5fWMLs'],BgmMIKU,,unclassified,MapleStory
Next Nest,2014 Hatsune Miku collaboration,1004287,Satsuki ga Tenkomori feat. Hatsune Miku,2014,['https://www.youtube.com/watch?v=STGuvHe5NGs'],BgmMIKU,,unclassified,MapleStory
Online Game Addicts Sprechchor,2014 Hatsune Miku collaboration,1004287,Satsuki ga Tenkomori feat. Hatsune Miku,2010,['https://www.youtube.com/watch?v=HxquE6d_a3k'],BgmMIKU,,unclassified,MapleStory
Highland,Malaysia: Fantasy Theme Park,Kampung,StudioEIM,2008,['https://www.youtube.com/watch?v=gNafzBfyoTo'],BgmMY,,unclassified,MapleStory
Kuala Lumpur,"Malaysia: Trend Zone Metropolis, Kampung Village",KualaLumpur,StudioEIM,2008,['https://www.youtube.com/watch?v=aJNseQp1Tb4'],BgmMY,,unclassified,MapleStory
A Stalker for Adversary,Baldrix - Phase 1B,baldrix,ASTERIA,2025,['https://www.youtube.com/watch?v=myaoChF2E98'],BgmMultiTrack,,unclassified,MapleStory
Bellona - Phase 1 (Insane),Bellona - Phase 1 (Insane),TeneaTemple,ASTERIA,2026,['https://www.youtube.com/watch?v=hNI6_GulaRc'],BgmMultiTrack,,unclassified,MapleStory
Bellona - Phase 1 (Normal),Bellona - Phase 1 (Normal),TeneaTemple,ASTERIA,2026,['https://www.youtube.com/watch?v=6uPpWYX7Ljs'],BgmMultiTrack,,unclassified,MapleStory
Bellona - Phase 2 (Insane),Bellona - Phase 2 (Insane),TeneaTemple,ASTERIA,2026,['https://www.youtube.com/watch?v=9DaFZxH6FB0'],BgmMultiTrack,,unclassified,MapleStory
Bellona - Phase 2 (Normal),Bellona - Phase 2 (Normal),TeneaTemple,ASTERIA,2026,['https://www.youtube.com/watch?v=634bNZDe1o4'],BgmMultiTrack,,unclassified,MapleStory
Echoes of Ancient Deity,Baldrix - Phase 1C,baldrix,ASTERIA,2025,['https://www.youtube.com/watch?v=dJI4v7IpLEQ'],BgmMultiTrack,,unclassified,MapleStory
Fury of the Watcher,Watcher Kalos - Phase 2,karotte,ASTERIA,2022,['https://www.youtube.com/watch?v=fwLnfRHqicI'],BgmMultiTrack,,unclassified,MapleStory
Guardian Slime - Battle,Guardian Angel Slime,Ramuramu,ASTERIA,2021,['https://www.youtube.com/watch?v=mBlj8bvXZO0'],BgmMultiTrack,,unclassified,MapleStory
Guardian Slime - Wave,Guardian Angel Slime - Wave Phase,Ramuramu,ASTERIA,2021,['https://www.youtube.com/watch?v=Kv80AdkRshs'],BgmMultiTrack,,unclassified,MapleStory
Reproduced Abyss A,Limbo - Phase 1,limbo,ASTERIA,2024,['https://www.youtube.com/watch?v=g4gxLP3HX3s'],BgmMultiTrack,,unclassified,MapleStory
Reproduced Abyss B,Limbo - Phase 1,limbo,ASTERIA,2024,['https://www.youtube.com/watch?v=iJPu7UNFF5E'],BgmMultiTrack,,unclassified,MapleStory
Solar Deity - Dawn of Hope,Seren - Phase 2: Dawn of Hope,Cernium,Initium SoundLab,2021,['https://www.youtube.com/watch?v=DV3VKsqN_a0'],BgmMultiTrack,,unclassified,MapleStory
Solar Deity - Midnight of Silence,Seren - Phase 2: Midnight of Silence,Cernium,Initium SoundLab,2021,['https://www.youtube.com/watch?v=vRBtXd_31fE'],BgmMultiTrack,,unclassified,MapleStory
Solar Deity - Noon of Justice,Seren - Phase 2: Noon of Justice,Cernium,Initium SoundLab,2021,['https://www.youtube.com/watch?v=_ZJJc1cFFto'],BgmMultiTrack,,unclassified,MapleStory
Solar Deity - Twilight of Flame,Seren - Phase 2: Twilight of Flame,Cernium,Initium SoundLab,2021,['https://www.youtube.com/watch?v=u3fisrTnOHI'],BgmMultiTrack,,unclassified,MapleStory
The Abyss of Truth A,Limbo - Phase 3,limbo,ASTERIA,2024,['https://www.youtube.com/watch?v=8okkwvVBEpE'],BgmMultiTrack,,unclassified,MapleStory
The Abyss of Truth B,Limbo - Phase 3,limbo,ASTERIA,2024,['https://www.youtube.com/watch?v=bO7bBh4-tvs'],BgmMultiTrack,,unclassified,MapleStory
The Arena of Discipline and Command,Jupiter - Human Form,Luppiter,ASTERIA,2026,['https://www.youtube.com/watch?v=8Sdo3JPpyrE'],BgmMultiTrack,,unclassified,MapleStory
The Arena of Discipline and Command -Union-,Jupiter - Combination Form (Human Dominant),Luppiter,ASTERIA,2026,['https://www.youtube.com/watch?v=uC66QQmtUt8'],BgmMultiTrack,,unclassified,MapleStory
The Arena of Irregularity and Chaos,Jupiter - Entity Form,Luppiter,ASTERIA,2026,['https://www.youtube.com/watch?v=dBIs93mbgDo'],BgmMultiTrack,,unclassified,MapleStory
The Arena of Irregularity and Chaos -Union-,Jupiter - Combination Form (Entity Dominant),Luppiter,ASTERIA,2026,['https://www.youtube.com/watch?v=V5dS8ZoDrsc'],BgmMultiTrack,,unclassified,MapleStory
The Knight Commander,Baldrix - Phase 1A,baldrix,ASTERIA,2025,['https://www.youtube.com/watch?v=rdevOYJ0jYA'],BgmMultiTrack,,unclassified,MapleStory
Worn Out Fury,Watcher Kalos - Phase 2,karotte,ASTERIA,2022,['https://www.youtube.com/watch?v=L-jmUldd5j4'],BgmMultiTrack,,unclassified,MapleStory
Dice Master,Dice Master event,PL_DiceMaster,ASTERIA,2017,['https://www.youtube.com/watch?v=wSwXwkgS4bU'],BgmPL,,unclassified,MapleStory
Off the Beaten Path -upbeat-,Eluna: Elemental's Domain,PL_Eluna,ASTERIA,2017,['https://www.youtube.com/watch?v=mEY8_SP-5LU'],BgmPL,,unclassified,MapleStory
Eluna Express,Eluna Express,PL_Eluna,ASTERIA,2017,['https://www.youtube.com/watch?v=es37G5AfE-I'],BgmPL,,unclassified,MapleStory
Adventure Party Quest,Ancient Ruins Party Quest,GL_AdvPQ,ASTERIA,2019,['https://www.youtube.com/watch?v=uLKwfP50iwE'],BgmPL,,unclassified,MapleStory
God of Brain,Divine Intelligence event,PL_GodOfBrain,ASTERIA,2017,['https://www.youtube.com/watch?v=8i-FBUlGSdA'],BgmPL,,unclassified,MapleStory
Western Gunman,High Noon Gunslinger,PL_Gunman,ASTERIA,2018,['https://www.youtube.com/watch?v=0F8ZQ1NqDSk'],BgmPL,,unclassified,MapleStory
Hidden Catch,Spot the Difference event,BZ_HiddenCatch,ASTERIA,2019,['https://www.youtube.com/watch?v=D2XRv39wAFo'],BgmPL,,unclassified,MapleStory
Greetings of the Death Angel,Secret Stories - Chapter 1,ArbrenBT,ASTERIA,2016,['https://www.youtube.com/watch?v=fWQyB979IF0'],BgmPL,,unclassified,MapleStory
Frozen Heart,Secret Stories - Chapter 2 & 3,ArbrenBT,ASTERIA,2016,['https://www.youtube.com/watch?v=gd_xlvU0P2Q'],BgmPL,,unclassified,MapleStory
The Shadow of Chaos,Secret Stories - Chapter 2 & 3,ArbrenBT,ASTERIA,2016,['https://www.youtube.com/watch?v=PYGOnSNO79o'],BgmPL,,unclassified,MapleStory
Can You Read My Thoughts?,The Afterlands: Land of Contemplation (Day),PL_AfterLand,ASTERIA,2016,['https://www.youtube.com/watch?v=Dc0mE4k422w'],BgmPL,,unclassified,MapleStory
Can You Read My Thoughts? -night-,The Afterlands: Land of Contemplation (Night),PL_AfterLand,ASTERIA,2016,['https://www.youtube.com/watch?v=xK099Yuc1ck'],BgmPL,,unclassified,MapleStory
The Dancing Weathercock,The Afterlands: Land of Innocence (Day),PL_AfterLand,ASTERIA,2016,['https://www.youtube.com/watch?v=ROmgAQZh_LU'],BgmPL,,unclassified,MapleStory
The Dancing Weathercock -night-,The Afterlands: Land of Innocence (Night),PL_AfterLand,ASTERIA,2016,['https://www.youtube.com/watch?v=mFeNoswVOLQ'],BgmPL,,unclassified,MapleStory
The Dancing Weathercock -night- (Alternate),The Afterlands: Land of Innocence (Night),PL_AfterLand,ASTERIA,2016,['https://www.youtube.com/watch?v=pzvy-bBGLDM'],BgmPL,,unclassified,MapleStory
The World of Paradox,The Afterlands: Land of Riches (Day),PL_AfterLand,ASTERIA,2016,['https://www.youtube.com/watch?v=wq7kiyL8yHw'],BgmPL,,unclassified,MapleStory
The World of Paradox -night-,The Afterlands: Land of Riches (Night),PL_AfterLand,ASTERIA,2016,['https://www.youtube.com/watch?v=yY6ueC0qlCY'],BgmPL,,unclassified,MapleStory
The World of Paradox -night- (Alternate),The Afterlands: Land of Riches (Night),PL_AfterLand,ASTERIA,2016,['https://www.youtube.com/watch?v=fpbzFDITpUs'],BgmPL,,unclassified,MapleStory
Bottoms Up!,The Afterlands: Land of Warriors (Day),PL_AfterLand,ASTERIA,2016,['https://www.youtube.com/watch?v=FLiC1zt_U1s'],BgmPL,,unclassified,MapleStory
Bottoms Up! -night-,The Afterlands: Land of Warriors (Night),PL_AfterLand,ASTERIA,2016,['https://www.youtube.com/watch?v=kVE2hSgJ3cQ'],BgmPL,,unclassified,MapleStory
Stellar Detectives,Stellar Detectives theme,PL_MapleDetective,ASTERIA,2016,['https://www.youtube.com/watch?v=3SEaLivUIg4'],BgmPL,,unclassified,MapleStory
Stellar Detectives -instrumental-,Stellar Detectives theme (instrumental),PL_MapleDetective,ASTERIA,2016,['https://www.youtube.com/watch?v=s9H92aOgW1U'],BgmPL,,unclassified,MapleStory
Mission: Invasion,Stellar Detectives: Hyperspace Cube,PL_MapleDetective,ASTERIA,2016,['https://www.youtube.com/watch?v=pCXDV2_wUY4'],BgmPL,,unclassified,MapleStory
The Final Stage,Retro World: Demon King boss theme,PL_RetroWorld,ASTERIA,2018,['https://www.youtube.com/watch?v=zvXnHdqbCNk'],BgmPL,,unclassified,MapleStory
Action Trap,Retro World: Demon King's Tower,PL_RetroWorld,ASTERIA,2018,['https://www.youtube.com/watch?v=GSG5FxqIu4g'],BgmPL,,unclassified,MapleStory
Watch Out!,Retro World training area,PL_RetroWorld,ASTERIA,2018,['https://www.youtube.com/watch?v=VGznt8fdh6w'],BgmPL,,unclassified,MapleStory
Ordinary Day,Retro World: Balina,PL_RetroWorld,ASTERIA,2018,['https://www.youtube.com/watch?v=7alGu8gUCgQ'],BgmPL,,unclassified,MapleStory
Song of Naty,Eluna Exploration Area,PL_Eluna,ASTERIA,2017,['https://www.youtube.com/watch?v=R9e7FAmUGEI'],BgmPL,,unclassified,MapleStory
Weight of the Soul,Eluna: Elunite Elemental boss theme,PL_Eluna,ASTERIA,2017,['https://www.youtube.com/watch?v=7_yYG8zkADQ'],BgmPL,,unclassified,MapleStory
Off the Beaten Path,Eluna Unexplored Area,PL_Eluna,ASTERIA,2017,['https://www.youtube.com/watch?v=53Ih3hmzr1c'],BgmPL,,unclassified,MapleStory
Pioneer Headquarters,Eluna: Prospector's Township,PL_Eluna,ASTERIA,2017,['https://www.youtube.com/watch?v=4U6sqPlS6fI'],BgmPL,,unclassified,MapleStory
Melting Snow,Snowdrift Lodge,PL_WinterCastle,ASTERIA,2017,['https://www.youtube.com/watch?v=ZL3iwhrEllA'],BgmPL,,unclassified,MapleStory
Downhill Ride,Snowdrift Lodge: Silver Mountain Slopes,PL_WinterCastle,ASTERIA,2017,['https://www.youtube.com/watch?v=UBfUH2sbiSk'],BgmPL,,unclassified,MapleStory
Abrup,Monad: Abrup Basin,PL_Abrup,ASTERIA,2018,['https://www.youtube.com/watch?v=XT3xr3XouDE'],BgmPL2,,unclassified,MapleStory
Fragment of Fears,Monad storyline,PL_Abrup,ASTERIA,2018,['https://www.youtube.com/watch?v=Zzx8UXRZ8rQ'],BgmPL2,,unclassified,MapleStory
Assault!,Monad battle theme,PL_Abrup,ASTERIA,2018,['https://www.youtube.com/watch?v=d4pdDMxdgxQ'],BgmPL2,,unclassified,MapleStory
Fallen Things,Monad: Act 1 Kaptafel Ashes,PL_Abrup,ASTERIA,2018,['https://www.youtube.com/watch?v=45BJJKZwCSs'],BgmPL2,,unclassified,MapleStory
Julietta,Monad: Julieta boss theme,PL_Abrup,ASTERIA,2018,['https://www.youtube.com/watch?v=0PHV9hE03Uk'],BgmPL2,,unclassified,MapleStory
"Ready, Steady, Solid!",Monad: Skuas,PL_Abrup,ASTERIA,2018,['https://www.youtube.com/watch?v=xtVLjc3-Ey0'],BgmPL2,,unclassified,MapleStory
"Ready, Steady, Solid! -instrumental-",Monad: Skuas cutscene,PL_Abrup,ASTERIA,2018,['https://www.youtube.com/watch?v=nnDUioqF7Wg'],BgmPL2,,unclassified,MapleStory
Wedding Hall 1,Wedding Hall BGM Style 1,Wedding,ASTERIA,2024,['https://www.youtube.com/watch?v=uTusUDt93XA'],BgmPL2,,unclassified,MapleStory
Wedding Hall 2,Wedding Hall BGM Style 2,Wedding,ASTERIA,2024,['https://www.youtube.com/watch?v=vq-uCg7Xrnw'],BgmPL2,,unclassified,MapleStory
Wedding Hall 3,Wedding Hall BGM Style 3,Wedding,ASTERIA,2024,['https://www.youtube.com/watch?v=CJLMno8J2Yk'],BgmPL2,,unclassified,MapleStory
Honeymoon Resort,Wedding - Honeymoon Resort,Wedding,ASTERIA,2024,['https://www.youtube.com/watch?v=tP2Vl5k_R1g'],BgmPL2,,unclassified,MapleStory
Moo Island,Fluffy Moo Island,PL_Moo,ASTERIA,2021,['https://www.youtube.com/watch?v=xh3AOLAosEE'],BgmPL2,,unclassified,MapleStory
Moo Island - Play,Fluffy Moo Island: Moo Ruins,PL_Moo,ASTERIA,2021,['https://www.youtube.com/watch?v=MCKZJ6KUDcU'],BgmPL2,,unclassified,MapleStory
Moo Island - Rest,Fluffy Moo Island: Moo's Resting Place,PL_Moo,ASTERIA,2021,['https://www.youtube.com/watch?v=gjMrVCh1ZNc'],BgmPL2,,unclassified,MapleStory
The Veiled Truth,Monad: Act 3 Julieta epilogue,PL_Abrup,ASTERIA,2018,['https://www.youtube.com/watch?v=EOWkL4YKFHo'],BgmPL2,,unclassified,MapleStory
Sleeping Forest,Monad: Act 2 Windsleep Forest,PL_Abrup,ASTERIA,2018,['https://www.youtube.com/watch?v=YbAxZANl7us'],BgmPL2,,unclassified,MapleStory
Would You Listen to My Story?,Monad: Hawalu's song,PL_Abrup,ASTERIA,2018,['https://www.youtube.com/watch?v=GsZwtyuWm2E'],BgmPL2,,unclassified,MapleStory
Would You Listen to My Story? -instrumental-,Monad: Hawalu's song,PL_Abrup,ASTERIA,2018,['https://www.youtube.com/watch?v=oJw9nleaANQ'],BgmPL2,,unclassified,MapleStory
The Way to Hope,Monad: Act 1 & 3 storyline,PL_Abrup,ASTERIA,2018,['https://www.youtube.com/watch?v=ZfzIfNmDO5M'],BgmPL2,,unclassified,MapleStory
The Sorrowful Way,Monad: Act 1 storyline,PL_Abrup,ASTERIA,2018,['https://www.youtube.com/watch?v=otoKaKYK62E'],BgmPL2,,unclassified,MapleStory
The Sorrowful Way -instrumental-,Monad: Act 1 storyline,PL_Abrup,ASTERIA,2018,['https://www.youtube.com/watch?v=-h8kCcHjuz0'],BgmPL2,,unclassified,MapleStory
The Way to Hope -instrumental-,Monad: Act 1 & 3 storyline,PL_Abrup,ASTERIA,2018,['https://www.youtube.com/watch?v=kBO_ea9-UAI'],BgmPL2,,unclassified,MapleStory
Turbulence,Monad: Abrup Basin cliff,PL_Abrup,ASTERIA,2018,['https://www.youtube.com/watch?v=zmcpx21xxKg'],BgmPL2,,unclassified,MapleStory
Along With You,Monad: Act 2 Windsleep Forest,PL_Abrup,ASTERIA,2018,['https://www.youtube.com/watch?v=hScIi77G0II'],BgmPL2,,unclassified,MapleStory
Boat Quay Field,Singapore: Boat Quay field,Singapore,StudioEIM,2007,['https://www.youtube.com/watch?v=DLdRypTOm0o'],BgmSG,,unclassified,MapleStory
Boat Quay Town,Singapore: Boat Quay Town,Singapore,StudioEIM,2007,['https://www.youtube.com/watch?v=GSDD0c_7FV0'],BgmSG,,unclassified,MapleStory
CBD Field,Singapore: CBD field,Singapore,StudioEIM,2007,['https://www.youtube.com/watch?v=MvheqAmubR8'],BgmSG,,unclassified,MapleStory
CBD Town,Singapore: CBD,Singapore,StudioEIM,2007,['https://www.youtube.com/watch?v=czDfxrSGea4'],BgmSG,,unclassified,MapleStory
Ghost Ship,Singapore: Ghost Ship,Singapore,StudioEIM,2007,['https://www.youtube.com/watch?v=cOatjxHHAEw'],BgmSG,,unclassified,MapleStory
Meow Defence,Santa's Visit: Protect the Land Turtle,KualaLumpur,ASTERIA,2021,['https://www.youtube.com/watch?v=ggwY4Nk3rhA'],BgmSG,,unclassified,MapleStory
Meowmas Jingle Bells - Disco,Meowmas,Singapore,ASTERIA,2022,['https://www.youtube.com/watch?v=QrPlxl8MGl8'],BgmSG,,unclassified,MapleStory
Meowmas Jingle Bells - Jazz,Meowmas,Singapore,ASTERIA,2022,['https://www.youtube.com/watch?v=fHX7P8Nnluo'],BgmSG,,unclassified,MapleStory
Santa Surfer - Beach,Santa's Visit: Santa Surfer's Beach,Singapore,ASTERIA,2021,['https://www.youtube.com/watch?v=3JjHSIAP1FM'],BgmSG,,unclassified,MapleStory
Santa Surfer - Sea,Santa's Visit: Santa Surfer's Sea,Singapore,ASTERIA,2021,['https://www.youtube.com/watch?v=iQSE7YXgZ6Q'],BgmSG,,unclassified,MapleStory
Ulu Field,Singapore: Ulu City,Singapore,StudioEIM,2008,['https://www.youtube.com/watch?v=JIriGe2tdeA'],BgmSG,,unclassified,MapleStory
Fly Away -full- (English),On Stage chair effect,3019147,ASTERIA,2024,['https://www.youtube.com/watch?v=cqpjoXKRGqk'],BgmSG_Event,,unclassified,MapleStory
Lucid in the Dream,Lacheln in a Dream (MapleStory Dreamer),lucidDream,ASTERIA,2024,['https://www.youtube.com/watch?v=iCTo0PeJGlc'],BgmSG_Event,,unclassified,MapleStory
Lucid in the Dream -reprise-,Lacheln in a Dream (MapleStory Dreamer),lucidDream,ASTERIA,2024,['https://www.youtube.com/watch?v=lnd7MS93m1Q'],BgmSG_Event,,unclassified,MapleStory
Shining Heart -full- (English),On Stage chair effect,3019147,ASTERIA,2024,['https://www.youtube.com/watch?v=vA-B-NdwMi4'],BgmSG_Event,,unclassified,MapleStory
Star Bubble -full- (English),Angelic Buster's On Stage skill,Pantheon,ASTERIA,2024,['https://www.youtube.com/watch?v=uoigdWiUzFo'],BgmSG_Event,,unclassified,MapleStory
1000010,1000010 Headset: 1000010 ft. Prod. ZM,1005518,ASTERIA,2020,['https://www.youtube.com/watch?v=k3zYdRpUKzk'],BgmSG_HeadPhone,,unclassified,MapleStory
Abyss,GOGOA Headset: Mushroom Power ft. Sleedpy Brothers,1005643,ASTERIA,2020,['https://www.youtube.com/watch?v=hoPouBVskg8'],BgmSG_HeadPhone,,unclassified,MapleStory
AGAIN,1000010 Headset: 1000010 ft. Prod. ZM,1005518,ASTERIA,2020,['https://www.youtube.com/watch?v=9t5WXHBBNfY'],BgmSG_HeadPhone,,unclassified,MapleStory
Downtown,Vintage101 Headset: Lo-Fi 101 ft. AndLoids,1005645,ASTERIA,2020,['https://www.youtube.com/watch?v=9C2POw73efM'],BgmSG_HeadPhone,,unclassified,MapleStory
Drive,Vintage101 Headset: Lo-Fi 101 ft. AndLoids,1005645,ASTERIA,2020,['https://www.youtube.com/watch?v=2zVMCzBw3ks'],BgmSG_HeadPhone,,unclassified,MapleStory
Haven,Vintage101 Headset: Lo-Fi 101 ft. AndLoids,1005645,ASTERIA,2020,['https://www.youtube.com/watch?v=ZxwshDpKN-I'],BgmSG_HeadPhone,,unclassified,MapleStory
Into the Dungeon,GOGOA Headset: Mushroom Power ft. Sleedpy Brothers,1005643,ASTERIA,2020,['https://www.youtube.com/watch?v=ff-4__wv1gE'],BgmSG_HeadPhone,,unclassified,MapleStory
Joy to the Maple World,X-Mas Headset: Maple Christmas ft. Athena Pierce & Friends,1005642,ASTERIA,2020,['https://www.youtube.com/watch?v=mhR9aIeWa94'],BgmSG_HeadPhone,,unclassified,MapleStory
Kill Mob 9999,Nitro Adrenaline Headset: RUN JMC ft. JM From tha Streetz,1005520,ASTERIA,2020,['https://www.youtube.com/watch?v=hgad1fqdaZc'],BgmSG_HeadPhone,,unclassified,MapleStory
Mushroom Power,GOGOA Headset: Mushroom Power ft. Sleedpy Brothers,1005643,ASTERIA,2020,['https://www.youtube.com/watch?v=e3XvDcjXoe8'],BgmSG_HeadPhone,,unclassified,MapleStory
Pink Christmas,X-Mas Headset: Maple Christmas ft. Athena Pierce & Friends,1005642,ASTERIA,2020,['https://www.youtube.com/watch?v=Xb1jH5hVQMs'],BgmSG_HeadPhone,,unclassified,MapleStory
Raid,Nitro Adrenaline Headset: RUN JMC ft. JM From tha Streetz,1005520,ASTERIA,2020,['https://www.youtube.com/watch?v=wjG9EATMDu8'],BgmSG_HeadPhone,,unclassified,MapleStory
Shampoo,Starlight Headset: Cheer Up ft. Starlight,1005519,ASTERIA,2020,['https://www.youtube.com/watch?v=qSTCL_RGWc0'],BgmSG_HeadPhone,,unclassified,MapleStory
Show Me tha Meso,Nitro Adrenaline Headset: RUN JMC ft. JM From tha Streetz,1005520,ASTERIA,2020,['https://www.youtube.com/watch?v=a0ZBuqABRdU'],BgmSG_HeadPhone,,unclassified,MapleStory
THE FOOL,1000010 Headset: 1000010 ft. Prod. ZM,1005518,ASTERIA,2020,['https://www.youtube.com/watch?v=I_J_G5NoEFo'],BgmSG_HeadPhone,,unclassified,MapleStory
Together,X-Mas Headset: Maple Christmas ft. Athena Pierce & Friends,1005642,ASTERIA,2020,['https://www.youtube.com/watch?v=3dUDJ7gIoO0'],BgmSG_HeadPhone,,unclassified,MapleStory
Twinkle Twinkle,Starlight Headset: Cheer Up ft. Starlight,1005519,ASTERIA,2020,['https://www.youtube.com/watch?v=uw2h0-b3NXo'],BgmSG_HeadPhone,,unclassified,MapleStory
What is Love?,Starlight Headset: Cheer Up ft. Starlight,1005519,ASTERIA,2020,['https://www.youtube.com/watch?v=2cwyawTRvoM'],BgmSG_HeadPhone,,unclassified,MapleStory
Star Step,Star Planet: Star Step,Starplanet,StudioEIM,2015,['https://www.youtube.com/watch?v=Z4VTq4JKHGA'],BgmStarPlanet_JP,,unclassified,MapleStory
Golden Temple Dungeon,Golden Temple dungeon,GoldTempleTH,StudioEIM,2007,['https://www.youtube.com/watch?v=VoHtZ3sKsOY'],BgmTH,,unclassified,MapleStory
Golden Temple Field,Golden Temple field,GoldTempleTH,StudioEIM,2007,['https://www.youtube.com/watch?v=NQPeBpjEYrs'],BgmTH,,unclassified,MapleStory
Golden Temple Town,Golden Temple,GoldTempleTH,StudioEIM,2007,['https://www.youtube.com/watch?v=Y_cihkgxF9A'],BgmTH,,unclassified,MapleStory
Floating Market Fields,Thailand: Floating Market field,Thai,StudioEIM,2006,['https://www.youtube.com/watch?v=g1aZRs_r2nA'],BgmTH,,unclassified,MapleStory
Floating Market,Thailand: Floating Market,Thai,StudioEIM,2006,['https://www.youtube.com/watch?v=2sJP_wp2pBg'],BgmTH,,unclassified,MapleStory
101 Building,"Kerning Square, Taipei 101",101Building,StudioEIM,2007,['https://www.youtube.com/watch?v=_0qKfYQG7Rs'],BgmTW,,unclassified,MapleStory
101 Building Field,"Kerning Square field, Taipei 101 field",101Building,StudioEIM,2007,['https://www.youtube.com/watch?v=hKYODtn_P84'],BgmTW,,unclassified,MapleStory
101 Building Subway,"Kerning Square Subway, Taipei 101 Subway",101Building,StudioEIM,2007,['https://www.youtube.com/watch?v=iRxal9QpFb8'],BgmTW,,unclassified,MapleStory
2015 Gamaday Minigame,Gamania 20th anniversary event: Tangerine Heaven minigame,Gamaday,StudioEIM,2015,['https://www.youtube.com/watch?v=H3YiN4_cfIc'],BgmTW,,unclassified,MapleStory
2015 Gamaday Park,Gamania 20th anniversary event: Tangerine Heaven,Gamaday,StudioEIM,2015,['https://www.youtube.com/watch?v=nPEUYAvLVGQ'],BgmTW,,unclassified,MapleStory
Arisan Boss,Alishan Summit: Shao boss theme,Arisan,StudioEIM,2015,['https://www.youtube.com/watch?v=vyn-pYh7OeM'],BgmTW,,unclassified,MapleStory
Arisan City,Alishan,Arisan,StudioEIM,2015,['https://www.youtube.com/watch?v=EppjtsvLkJs'],BgmTW,,unclassified,MapleStory
Arisan Field,"Alishan Plains, Train Station",Arisan,StudioEIM,2015,['https://www.youtube.com/watch?v=pVMWdCykTro'],BgmTW,,unclassified,MapleStory
Arisan Forest,Alishan Forest Road,Arisan,StudioEIM,2015,['https://www.youtube.com/watch?v=UhtL8QLEIyM'],BgmTW,,unclassified,MapleStory
Arisan Train,Alishan Forest Train,Arisan,StudioEIM,2015,['https://www.youtube.com/watch?v=DHCiyODEdUs'],BgmTW,,unclassified,MapleStory
Bug World,Bug World event,Event,StudioEIM,2014,['https://www.youtube.com/watch?v=87RytVeR85w'],BgmTW,,unclassified,MapleStory
Cake Map,TaiwanMS 3rd Anniversary,Event,StudioEIM,2008,['https://www.youtube.com/watch?v=Dtvumci8eA0'],BgmTW,,unclassified,MapleStory
Cake Map 4th,TaiwanMS 4th Anniversary,Event,StudioEIM,2009,['https://www.youtube.com/watch?v=91hJqJZypsM'],BgmTW,,unclassified,MapleStory
Chivalrous Fighter,Zen tutorial,YuYuanCN,StudioEIM,2012,['https://www.youtube.com/watch?v=jRAx12W7QI8'],BgmTW,,unclassified,MapleStory
Concert Chair (Bass),Concert Group chair effect: bass,3016100,StudioEIM,2015,['https://www.youtube.com/watch?v=0bhj1SiqzlE'],BgmTW,,unclassified,MapleStory
Concert Chair (Drum),Concert Group chair effect: drum,3016100,StudioEIM,2015,['https://www.youtube.com/watch?v=x3DpSrAI9js'],BgmTW,,unclassified,MapleStory
Concert Chair (Drum + Bass),Concert Group chair effect: drum + bass,3016100,StudioEIM,2015,['https://www.youtube.com/watch?v=SXFLOsagB1w'],BgmTW,,unclassified,MapleStory
Concert Chair (Drum + Bass + Keyboard),Concert Group chair effect: drum + bass + keyboard,3016100,StudioEIM,2015,['https://www.youtube.com/watch?v=0nvAy3udpog'],BgmTW,,unclassified,MapleStory
Concert Chair (Drum + Bass + Keyboard + Guitar),Concert Group chair effect: drum + bass + keyboard + guitar,3016100,StudioEIM,2015,['https://www.youtube.com/watch?v=0IgETnKxbns'],BgmTW,,unclassified,MapleStory
Concert Chair (Guitar),Concert Group chair effect: guitar,3016100,StudioEIM,2015,['https://www.youtube.com/watch?v=rWDa7sOvYdM'],BgmTW,,unclassified,MapleStory
Concert Chair (Keyboard),Concert Group chair effect: keyboard,3016100,StudioEIM,2015,['https://www.youtube.com/watch?v=stbAQs-rsyY'],BgmTW,,unclassified,MapleStory
Dev Room,TaiwanMS developer event,Event,StudioEIM,2015,['https://www.youtube.com/watch?v=3D2hglui148'],BgmTW,,unclassified,MapleStory
Maple High School,"Maple Leaf High, Sengoku High",SeoMoonJung,StudioEIM,2012,['https://www.youtube.com/watch?v=EJxiydqtb0k'],BgmTW,,unclassified,MapleStory
Night Field,Taiwan: Night Market field,NightMarket,StudioEIM,2006,['https://www.youtube.com/watch?v=_-O1vvrWOZU'],BgmTW,,unclassified,MapleStory
Night Market,Taiwan: Night Market,NightMarket,StudioEIM,2006,['https://www.youtube.com/watch?v=-sf4tEqd7co'],BgmTW,,unclassified,MapleStory
Thanksgiving Day,TaiwanMS Mid-Autumn Festival,Kite_JP,StudioEIM,2012,['https://www.youtube.com/watch?v=HOm_PhJ41jM'],BgmTW,,unclassified,MapleStory
Yo Taipei,Taiwan: Ximending,SeoMoonJung,StudioEIM,2006,['https://www.youtube.com/watch?v=Z1_N3UkmaMM'],BgmTW,,unclassified,MapleStory
Asiasoft Logo,PlayPark-Asiasoft splash,TestServer,Wizet,2022,['https://www.youtube.com/watch?v=DX3BpdprACo'],BgmUI,,unclassified,MapleStory
Asiasoft Logo (Original),Asiasoft splash,TestServer,Wizet,2005,['https://www.youtube.com/watch?v=2WWEkxSNljM'],BgmUI,,unclassified,MapleStory
Asiasoft Logo (PlayPark Original),PlayPark-Asiasoft splash,TestServer,Wizet,2018,['https://www.youtube.com/watch?v=oAFLPYk6IvY'],BgmUI,,unclassified,MapleStory
Shopping Time!,Cash Shop theme,FreeMarket,ASTERIA,2025,['https://www.youtube.com/watch?v=YC3D1BFpQ14'],BgmUI,,unclassified,MapleStory
MapleStory Universe Logo,MapleStory Universe splash,TestServer,NEXPACE,2025,['https://www.youtube.com/watch?v=whwLhGUv3zI'],BgmUI,,unclassified,MapleStory
Nexon Logo,Nexon splash,TestServer,StudioEIM,2003,['https://www.youtube.com/watch?v=xgQdq4awens'],BgmUI,,unclassified,MapleStory
Nexon Logo (30th Anniversary),Nexon splash (30th anniversary),TestServer,ASTERIA,2024,['https://www.youtube.com/watch?v=SKB2GgUNLJU'],BgmUI,,unclassified,MapleStory
Nexon America Logo,Nexon America splash,TestServer,StudioEIM,2009,['https://www.youtube.com/watch?v=IUnEmjvparM'],BgmUI,,unclassified,MapleStory
Nexpace Logo,Nexpace splash,TestServer,NEXPACE,2025,['https://www.youtube.com/watch?v=fwx8_FmRoRw'],BgmUI,,unclassified,MapleStory
Shop Background Music,Cash Shop theme,FreeMarket,CODASOUND,2003,['https://www.youtube.com/watch?v=4COWF5TAciY'],BgmUI,,unclassified,MapleStory
Title Screen,Login theme,TestServer,CODASOUND,2003,['https://www.youtube.com/watch?v=BVSPMg-GWDc'],BgmUI,,unclassified,MapleStory
Title - Winter 2010,Chaos update login theme,TestServer,StudioEIM,2010,['https://www.youtube.com/watch?v=MtOIf5YLVBU'],BgmUI,,unclassified,MapleStory
Title - 8th Anniversary,8th anniversary login theme,TestServer,StudioEIM,2011,['https://www.youtube.com/watch?v=1GA7nJdEvN8'],BgmUI,,unclassified,MapleStory
Title Screen (Beta),Login theme (Beta),TestServer,CODASOUND,2003,['https://www.youtube.com/watch?v=iKVmHtZMUno'],BgmUI,,unclassified,MapleStory
The Dark Ride: Limbo - Title Theme,The Dark Ride: Limbo - login theme,2024DarkRide,ASTERIA,2024,['https://www.youtube.com/watch?v=H2g58kSwk7Q'],BgmUI,,unclassified,MapleStory
Let It Go,Frozen collaboration login theme,TestServer,Idina Menzel,2014,[],BgmUI,,unclassified,MapleStory
Memories of MapleStory,Mikuni Shimokawa - Memories of MapleStory,TestServer,Mikuni Shimokawa,2009,['https://www.youtube.com/watch?v=VLZsjH3fr70'],BgmUI,,unclassified,MapleStory
Divinity,Euphonius - Divinity,TestServer,Euphonius,2009,['https://www.youtube.com/watch?v=3L9fhgu2kDI'],BgmUI,,unclassified,MapleStory
Sakura Pop,Jimang - Sakura Pop,TestServer,Jimang,2009,['https://www.youtube.com/watch?v=toyGN6s7-S8'],BgmUI,,unclassified,MapleStory
Hajimarino Story,Haruka Shimotsuki - Hajimarino Story,TestServer,Haruka Shimotsuki,2010,['https://www.youtube.com/watch?v=KYVcqLAJJ6U'],BgmUI,,unclassified,MapleStory
Nanaironosekai,Chata x Oster Project - Nanaironosekai,TestServer,Chata x Oster Project,2010,['https://www.youtube.com/watch?v=qM6ExgTX1KM'],BgmUI,,unclassified,MapleStory
Title - New Age,New Age login theme,TestServer,ASTERIA,2023,['https://www.youtube.com/watch?v=zFsulKE0jcQ'],BgmUI,,unclassified,MapleStory
Ride or Die - Title Theme,2024 Ride or Die event login theme,2024DarkRide,ASTERIA,2024,['https://www.youtube.com/watch?v=4IAVg2iqMRY'],BgmUI,,unclassified,MapleStory
Stargazer - Title Theme,2025 Stargazer login theme,TestServer,ASTERIA,2025,['https://www.youtube.com/watch?v=CBSU7hPyuGM'],BgmUI,,unclassified,MapleStory
A Whole New World,Ren Longxin - A Whole New World,TestServer,Ren Longxin,2016,['https://www.youtube.com/watch?v=elCoN7PAKBA'],BgmUI,,unclassified,MapleStory
World / Channel Select,World / Channel Select (Beta),TestServer,CODASOUND,2003,['https://www.youtube.com/watch?v=jUkjEGFwN1A'],BgmUI,,unclassified,MapleStory
Wizet Logo,Wizet splash,TestServer,StudioEIM,2003,['https://www.youtube.com/watch?v=gP_nqrfimxU'],BgmUI,,unclassified,MapleStory
Abysmal Ravine,Abyss Expedition Season 3 - Zone 2,AbyssExpedition,ASTERIA,2023,['https://www.youtube.com/watch?v=4okUaUJX1f4'],BgmWz2,,unclassified,MapleStory
Deep and White,Abyss Expedition Season 4,AbyssExpedition,ASTERIA,2024,['https://www.youtube.com/watch?v=2ieG9WAhNrg'],BgmWz2,,unclassified,MapleStory
Abyss Expedition,Abyss Expedition Headquarters,AbyssExpedition,ASTERIA,2020,['https://www.youtube.com/watch?v=zK7LchvlqSs'],BgmWz2,,unclassified,MapleStory
Abyss Expedition -Ambience ver.-,Abyss Expedition Headquarters,AbyssExpedition,ASTERIA,2020,['https://www.youtube.com/watch?v=m8seC5IY-d4'],BgmWz2,,unclassified,MapleStory
Mysterious Journey,Abyss Expedition Season 3 - Zone 1,AbyssExpedition,ASTERIA,2023,['https://www.youtube.com/watch?v=OHAHEdXAlwY'],BgmWz2,,unclassified,MapleStory
Paralyzed Waterfall,Abyss Expedition Season 4,AbyssExpedition,ASTERIA,2024,['https://www.youtube.com/watch?v=-D-4gH9sLBI'],BgmWz2,,unclassified,MapleStory
Aswan,Abyss Expedition Season 5,AbyssExpedition,ASTERIA,2026,['https://www.youtube.com/watch?v=dHmUTPNF41c'],BgmWz2,,unclassified,MapleStory
Oasis,Abyss Expedition Season 5,AbyssExpedition,ASTERIA,2026,['https://www.youtube.com/watch?v=iXMsVku2Uqc'],BgmWz2,,unclassified,MapleStory
Thirst,Abyss Expedition Season 5,AbyssExpedition,ASTERIA,2026,['https://www.youtube.com/watch?v=dK-BWDDx_5g'],BgmWz2,,unclassified,MapleStory
Snowy Abyss,Abyss Expedition Season 4,AbyssExpedition,ASTERIA,2024,['https://www.youtube.com/watch?v=u4cO-QLFWDQ'],BgmWz2,,unclassified,MapleStory
The Bottom End,Abyss Expedition Season 3 - Zone 3,AbyssExpedition,ASTERIA,2023,['https://www.youtube.com/watch?v=Jkr7wR56rs0'],BgmWz2,,unclassified,MapleStory
We Are Not Afraid,Abyss Expedition Season 3 - Boss,AbyssExpedition,ASTERIA,2023,['https://www.youtube.com/watch?v=Ki484AHm-SA'],BgmWz2,,unclassified,MapleStory
Where the Great Expedition Begins -Ambience ver.-,Abyss Expedition Season 3 - Headquarters,AbyssExpedition,ASTERIA,2023,['https://www.youtube.com/watch?v=pY1vslezYIM'],BgmWz2,,unclassified,MapleStory
Where the Great Expedition Begins,Abyss Expedition Season 3 - Headquarters,AbyssExpedition,ASTERIA,2023,['https://www.youtube.com/watch?v=-Tt0UfX-Sco'],BgmWz2,,unclassified,MapleStory
Amazing Abyss,Abyss Expedition Underground,AbyssExpedition,ASTERIA,2020,['https://www.youtube.com/watch?v=GRcGdhNMkUE'],BgmWz2,,unclassified,MapleStory
Herb Town Boat Party -Muffled-,Mu Lung Night Troupe event,Wz2_annual,ASTERIA,2024,['https://www.youtube.com/watch?v=YULtrwC3qVM'],BgmWz2,,unclassified,MapleStory
Herb Town Boat Party,Mu Lung Night Troupe event,Wz2_annual,ASTERIA,2024,['https://www.youtube.com/watch?v=bFB9rGMdP4o'],BgmWz2,,unclassified,MapleStory
Hut of the Wind,Lian Plateau: Hut of the Wind,RedMoon,ASTERIA,2025,['https://www.youtube.com/watch?v=3r0aXK-leK8'],BgmWz2,,unclassified,MapleStory
Malitia - Inside,Malitia - Phase 1 Inside,RedMoon_Dungeon,ASTERIA,2025,['https://www.youtube.com/watch?v=TF9O_jSFGhk'],BgmWz2,,unclassified,MapleStory
Into the Darkness,Malitia - Phase 2 & 3,RedMoon_Dungeon,ASTERIA,2025,['https://www.youtube.com/watch?v=Py3FxqGW-pI'],BgmWz2,,unclassified,MapleStory
Malitia - Outside,Malitia - Phase 1 Outside,RedMoon_Dungeon,ASTERIA,2025,['https://www.youtube.com/watch?v=Du6P8xj0EpM'],BgmWz2,,unclassified,MapleStory
The Breeze That Carried Sorrow,Malitia - reward map,RedMoon_Dungeon,ASTERIA,2025,['https://www.youtube.com/watch?v=s_sBbxdA-jQ'],BgmWz2,,unclassified,MapleStory
Malitia - The End,Malitia - Phase 4,RedMoon_Dungeon,ASTERIA,2025,['https://www.youtube.com/watch?v=2-Vj0feWmT0'],BgmWz2,,unclassified,MapleStory
Capoo's Adventure,2023 BUGCAT CAPOO collaboration,Capoo2,ASTERIA,2023,['https://www.youtube.com/watch?v=CmWbW46X5zc'],BgmWz2,,unclassified,MapleStory
Season's Greeting,2019 Lunar New Year event,PL_CNY2018,ASTERIA,2018,['https://www.youtube.com/watch?v=1VzASddjwtE'],BgmWz2,,unclassified,MapleStory
Lunar New Year: Love Letter A,2019 Lunar New Year event,PL_CNY2018,ASTERIA,2018,['https://www.youtube.com/watch?v=m8MB56duRb0'],BgmWz2,,unclassified,MapleStory
Lunar New Year: Love Letter B,2019 Lunar New Year event,PL_CNY2018,ASTERIA,2018,['https://www.youtube.com/watch?v=q4he8niW-gk'],BgmWz2,,unclassified,MapleStory
Corona Festival,Corona Festival event,CoronaFestival,ASTERIA,2019,['https://www.youtube.com/watch?v=LeVuQMIp8LU'],BgmWz2,,unclassified,MapleStory
Corona Festival 2,Corona Festival event,CoronaFestival,ASTERIA,2019,['https://www.youtube.com/watch?v=uacIrAAFoUg'],BgmWz2,,unclassified,MapleStory
Corona Festival 3,Corona Festival event,CoronaFestival,ASTERIA,2019,['https://www.youtube.com/watch?v=Rum7J6MVrEk'],BgmWz2,,unclassified,MapleStory
Dark Abyss,Abyss Expedition Underground,AbyssExpedition,ASTERIA,2020,['https://www.youtube.com/watch?v=N9Mf6AjKey4'],BgmWz2,,unclassified,MapleStory
Dizzy Bumper Car,Rien Night Circus event,Wz2_annual,ASTERIA,2021,['https://www.youtube.com/watch?v=38wfZsVNvH4'],BgmWz2,,unclassified,MapleStory
Exciting Diving in Glacier,Rien Night Circus event,Wz2_annual,ASTERIA,2021,['https://www.youtube.com/watch?v=Wv0sAZad8Aw'],BgmWz2,,unclassified,MapleStory
Factory of the Dream,Ludibrium Night Troupe event,Wz2_annual,ASTERIA,2023,['https://www.youtube.com/watch?v=xjjoWjXClGo'],BgmWz2,,unclassified,MapleStory
Festival Under Our Protection,Omega Sector Night Troupe event,Wz2_annual,ASTERIA,2025,['https://www.youtube.com/watch?v=y_SavuvIfq4'],BgmWz2,,unclassified,MapleStory
Flower Pig Dream Rider,Henesys Night Circus event,Wz2_annual,ASTERIA,2020,['https://www.youtube.com/watch?v=vPqBD7zhxQM'],BgmWz2,,unclassified,MapleStory
Flowing Time,Ludibrium Night Troupe event,Wz2_annual,ASTERIA,2023,['https://www.youtube.com/watch?v=R7FUsiwP72c'],BgmWz2,,unclassified,MapleStory
Freeze to Our Victory,Omega Sector Night Troupe event,Wz2_annual,ASTERIA,2025,['https://www.youtube.com/watch?v=6vOpsLDVX2M'],BgmWz2,,unclassified,MapleStory
Funny Time Maker -Orchestra-,Ludibrium Night Troupe event,Wz2_annual,ASTERIA,2023,['https://www.youtube.com/watch?v=3b-9Q7lKZsI'],BgmWz2,,unclassified,MapleStory
Guild Castle - Comfort,Guild Castle rooms,GuildCastle,ASTERIA,2023,['https://www.youtube.com/watch?v=rRD8u0lC1Sk'],BgmWz2,,unclassified,MapleStory
Guild Castle - Comfort (Original),Guild Castle rooms,GuildCastle,ASTERIA,2023,['https://www.youtube.com/watch?v=8WvbkyUOIq0'],BgmWz2,,unclassified,MapleStory
Guild Castle - Fallen Apart,Guild Castle storyline,GuildCastle,ASTERIA,2023,['https://www.youtube.com/watch?v=R80N1l0yLx4'],BgmWz2,,unclassified,MapleStory
Guild Castle - Follow the Light Leaks,Guild Castle dungeon,GuildCastle_Dungeon,ASTERIA,2023,['https://www.youtube.com/watch?v=z-Bh-VNWEkA'],BgmWz2,,unclassified,MapleStory
Guild Castle - Follow the Light Leaks (Original),Guild Castle dungeon,GuildCastle_Dungeon,ASTERIA,2023,['https://www.youtube.com/watch?v=kjccd3lrGPM'],BgmWz2,,unclassified,MapleStory
Guild Castle - Full of Joy and Laughter,Guild Castle rooms,GuildCastle,ASTERIA,2023,['https://www.youtube.com/watch?v=fCNVyxYUPVI'],BgmWz2,,unclassified,MapleStory
Guild Castle - His Reminiscence,Guild Castle storyline,GuildCastle,ASTERIA,2023,['https://www.youtube.com/watch?v=KhOENRUu5cU'],BgmWz2,,unclassified,MapleStory
Guild Castle - Lobby,Guild Castle,GuildCastle,ASTERIA,2023,['https://www.youtube.com/watch?v=BJqbj-KUOmE'],BgmWz2,,unclassified,MapleStory
Guild Castle - Lobby (Original),Guild Castle,GuildCastle,ASTERIA,2023,['https://www.youtube.com/watch?v=qmascDrqSlk'],BgmWz2,,unclassified,MapleStory
Borderless -Piano ver.-,Guild Castle jukebox,GuildCastle,ASTERIA,2023,['https://www.youtube.com/watch?v=3VBdAYVSrBA'],BgmWz2,,unclassified,MapleStory
Neo Castle -Piano ver.-,Guild Castle jukebox,GuildCastle,ASTERIA,2023,['https://www.youtube.com/watch?v=nmf7IdQDZXc'],BgmWz2,,unclassified,MapleStory
For Einherjar -Piano ver.-,Guild Castle jukebox,GuildCastle,ASTERIA,2023,['https://www.youtube.com/watch?v=surMcwFVg8E'],BgmWz2,,unclassified,MapleStory
Temple of Time -Piano ver.-,Guild Castle jukebox,GuildCastle,ASTERIA,2023,['https://www.youtube.com/watch?v=puBPCl0I82k'],BgmWz2,,unclassified,MapleStory
Pantheon -Piano ver.-,Guild Castle jukebox,GuildCastle,ASTERIA,2023,['https://www.youtube.com/watch?v=HfuK1JlKqnM'],BgmWz2,,unclassified,MapleStory
"My Prince, My Kingdom -Piano ver.-",Guild Castle jukebox,GuildCastle,ASTERIA,2023,['https://www.youtube.com/watch?v=sDBj8OqZ4uk'],BgmWz2,,unclassified,MapleStory
Outlaw of the Lonely Island -Piano ver.-,Guild Castle jukebox,GuildCastle,ASTERIA,2023,['https://www.youtube.com/watch?v=C5IgJL5DYR8'],BgmWz2,,unclassified,MapleStory
Helisium Mystic Forest -Piano ver.-,Guild Castle jukebox,GuildCastle,ASTERIA,2023,['https://www.youtube.com/watch?v=ltnQzIqyKF8'],BgmWz2,,unclassified,MapleStory
Secret Elodin -Piano ver.-,Guild Castle jukebox,GuildCastle,ASTERIA,2023,['https://www.youtube.com/watch?v=qxbh5YiM6kI'],BgmWz2,,unclassified,MapleStory
The Village of Karupa -Piano ver.-,Guild Castle jukebox,GuildCastle,ASTERIA,2023,['https://www.youtube.com/watch?v=tlvClm9as_g'],BgmWz2,,unclassified,MapleStory
Fairy Tale -Piano ver.-,Guild Castle jukebox,GuildCastle,ASTERIA,2023,['https://www.youtube.com/watch?v=r_h_JrFA5kA'],BgmWz2,,unclassified,MapleStory
Start the Adventure -Piano ver.-,Guild Castle jukebox,GuildCastle,ASTERIA,2023,['https://www.youtube.com/watch?v=xwWAeFrbG5s'],BgmWz2,,unclassified,MapleStory
Guild Castle - Room,Guild Castle rooms,GuildCastle,ASTERIA,2023,['https://www.youtube.com/watch?v=Q9Z07FyisuI'],BgmWz2,,unclassified,MapleStory
Guild Castle - Room (Original),Guild Castle rooms,GuildCastle,ASTERIA,2023,['https://www.youtube.com/watch?v=qgi93spqOis'],BgmWz2,,unclassified,MapleStory
Guild Castle - Teatime,Guild Castle rooms,GuildCastle,ASTERIA,2023,['https://www.youtube.com/watch?v=xMjSLUHDy8E'],BgmWz2,,unclassified,MapleStory
Guild Castle - Teatime (Original),Guild Castle rooms,GuildCastle,ASTERIA,2023,['https://www.youtube.com/watch?v=Srw9LRU0glM'],BgmWz2,,unclassified,MapleStory
Ariant -Jazz ver.-,Buddy Headset: Jazz of Maple ft. Maple Studio Band,Ariant,ASTERIA,2020,['https://www.youtube.com/watch?v=HvklAUY_JIQ'],BgmWz2,,unclassified,MapleStory
Cygnus Garden -Jazz ver.-,Buddy Headset: Jazz of Maple ft. Maple Studio Band,3018788,ASTERIA,2020,['https://www.youtube.com/watch?v=IrW3dV1VDFw'],BgmWz2,,unclassified,MapleStory
Login -Jazz ver.-,Buddy Headset: Jazz of Maple ft. Maple Studio Band,TestServer,ASTERIA,2020,['https://www.youtube.com/watch?v=RcmDpwxm2vo'],BgmWz2,,unclassified,MapleStory
Raindrop Flower -Jazz ver.-,Buddy Headset: Jazz of Maple ft. Maple Studio Band,Ereb,ASTERIA,2020,['https://www.youtube.com/watch?v=8E6RxMAGDWo'],BgmWz2,,unclassified,MapleStory
Fantastic Thinking -Jazz ver.-,Buddy Headset: Jazz of Maple ft. Maple Studio Band,3018790,ASTERIA,2020,['https://www.youtube.com/watch?v=ZTwasFGhNuI'],BgmWz2,,unclassified,MapleStory
Maple Explorer,Maple Explorer event,MExplorer,ASTERIA,2020,['https://www.youtube.com/watch?v=EV9D9CIe44k'],BgmWz2,,unclassified,MapleStory
Mesodizers All Set,Omega Sector Night Troupe event,Wz2_annual,ASTERIA,2025,['https://www.youtube.com/watch?v=MioDekFkvQs'],BgmWz2,,unclassified,MapleStory
Misty Island - Huge Ruin Centers,Maple Explorer - Misty Island event,MExplorerIsland,ASTERIA,2022,['https://www.youtube.com/watch?v=WCpwLmTLcJw'],BgmWz2,,unclassified,MapleStory
Misty Island - Temporary Headquaters,Maple Explorer - Misty Island event,MExplorer,ASTERIA,2022,['https://www.youtube.com/watch?v=a9Cco4fLaBE'],BgmWz2,,unclassified,MapleStory
Mu Lung Festa,Mu Lung Night Troupe event,Wz2_annual,ASTERIA,2024,['https://www.youtube.com/watch?v=33afOdW8RvM'],BgmWz2,,unclassified,MapleStory
Mu Lung Fight Floor -Night Festival-,Mu Lung Night Troupe event,Wz2_annual,ASTERIA,2024,['https://www.youtube.com/watch?v=mJN_vS1cWZg'],BgmWz2,,unclassified,MapleStory
El Nath -Jazz ver.-,My Home system content - Christmas event,myHome,ASTERIA,2020,['https://www.youtube.com/watch?v=R7t3G_kuR40'],BgmWz2,,unclassified,MapleStory
Sweet Rest -Jazz ver.-,My Home system content - room decoration (Christmas),myHome,ASTERIA,2020,['https://www.youtube.com/watch?v=s1cyTiAsl3w'],BgmWz2,,unclassified,MapleStory
Brand New Morning in the Plaza -Jazz ver.-,My Home system content - Kelanza Square (Christmas),myHome,ASTERIA,2020,['https://www.youtube.com/watch?v=eeYt-f3EhN4'],BgmWz2,,unclassified,MapleStory
Sweet Rest,My Home system content - room decoration,myHome,ASTERIA,2019,['https://www.youtube.com/watch?v=_qrZyuh0Rj8'],BgmWz2,,unclassified,MapleStory
Sweet Rest -Guitar ver.-,My Home system content - room decoration,myHome,ASTERIA,2019,['https://www.youtube.com/watch?v=sHTeqhDj2Y8'],BgmWz2,,unclassified,MapleStory
Brand New Morning in the Plaza,My Home system content - Kelanza Square,myHome,ASTERIA,2019,['https://www.youtube.com/watch?v=fsQ6o8IVfXY'],BgmWz2,,unclassified,MapleStory
Night Festival in Henesys,Henesys Night Circus event,Wz2_annual,ASTERIA,2020,['https://www.youtube.com/watch?v=IY_MJz4FVOI'],BgmWz2,,unclassified,MapleStory
Night Festival in Nautilus,Nautilus Night Circus event,Wz2_annual,ASTERIA,2022,['https://www.youtube.com/watch?v=j15ZonbX10k'],BgmWz2,,unclassified,MapleStory
Night Festival in Nautilus - Food Party,Nautilus Night Circus event,Wz2_annual,ASTERIA,2022,['https://www.youtube.com/watch?v=5ndMuZkpSaE'],BgmWz2,,unclassified,MapleStory
Night Festival in Nautilus - Minigame,Nautilus Night Circus event,Wz2_annual,ASTERIA,2022,['https://www.youtube.com/watch?v=s5m8Rk_LhhQ'],BgmWz2,,unclassified,MapleStory
Night Festival in Nautilus - Pub,Nautilus Night Circus event,Wz2_annual,ASTERIA,2022,['https://www.youtube.com/watch?v=7Qc-r0tnm94'],BgmWz2,,unclassified,MapleStory
Night Festival in Rien,Rien Night Circus event,Wz2_annual,ASTERIA,2021,['https://www.youtube.com/watch?v=_qcl2XaCvQg'],BgmWz2,,unclassified,MapleStory
Party Paradise - Main Lobby,Party Paradise,partyParadise,ASTERIA,2026,['https://www.youtube.com/watch?v=r4TlaaXAqkI'],BgmWz2,,unclassified,MapleStory
Party Paradise - Who's the Winner,Party Paradise,partyParadise,ASTERIA,2026,['https://www.youtube.com/watch?v=y0ga2j-KIbs'],BgmWz2,,unclassified,MapleStory
Party Paradise - Racing,Party Paradise,partyParadise,ASTERIA,2026,['https://www.youtube.com/watch?v=uafoSM1neUw'],BgmWz2,,unclassified,MapleStory
Party Paradise - Team Battle,Party Paradise,partyParadise,ASTERIA,2026,['https://www.youtube.com/watch?v=ZIUYVn2SRrU'],BgmWz2,,unclassified,MapleStory
Party Paradise - Final Round,Party Paradise,partyParadise,ASTERIA,2026,['https://www.youtube.com/watch?v=-vT_e40BfmM'],BgmWz2,,unclassified,MapleStory
Bliss,Lian Plateau: Chilly Trail,RedMoon,ASTERIA,2025,['https://www.youtube.com/watch?v=4VoOdUK5hTY'],BgmWz2,,unclassified,MapleStory
Breeze of Peril,Lian Plateau field,RedMoon,ASTERIA,2025,['https://www.youtube.com/watch?v=fkmRg-oHX54'],BgmWz2,,unclassified,MapleStory
Forest of Secrets,Red Moon Forest,RedMoon_Dungeon,ASTERIA,2025,['https://www.youtube.com/watch?v=RvhB86xuHBc'],BgmWz2,,unclassified,MapleStory
Forest of the Red Moon,Red Moon Forest,RedMoon_Dungeon,ASTERIA,2025,['https://www.youtube.com/watch?v=jGzvSs4eglI'],BgmWz2,,unclassified,MapleStory
Gentle Breeze,Lian Plateau: Cool Breeze Village,RedMoon,ASTERIA,2025,['https://www.youtube.com/watch?v=0l3Jou8Q0O0'],BgmWz2,,unclassified,MapleStory
Remember,Red Moon Forest storyline,RedMoon,ASTERIA,2025,['https://www.youtube.com/watch?v=ZEQsmRCKXXQ'],BgmWz2,,unclassified,MapleStory
Trail of the Red Moon,Red Moon Forest entrance,RedMoon_Dungeon,ASTERIA,2025,['https://www.youtube.com/watch?v=jNqAkqGflME'],BgmWz2,,unclassified,MapleStory
Under the Red Moon,Red Moon Forest: Red Moon Altar,RedMoon_Dungeon,ASTERIA,2025,['https://www.youtube.com/watch?v=iaT9TlGfvFk'],BgmWz2,,unclassified,MapleStory
Simulation Training System Online,Omega Sector Night Troupe event,Wz2_annual,ASTERIA,2025,['https://www.youtube.com/watch?v=hzk0NhnP4Rc'],BgmWz2,,unclassified,MapleStory
Stranger Backstage,Omega Sector Night Troupe event,Wz2_annual,ASTERIA,2025,['https://www.youtube.com/watch?v=AtXJuFwozvw'],BgmWz2,,unclassified,MapleStory
The Fantastic Thinking -Night Festival-,Ludibrium Night Troupe event,Wz2_annual,ASTERIA,2023,['https://www.youtube.com/watch?v=WtfqoAwve-c'],BgmWz2,,unclassified,MapleStory
Torinao Doo Do,Omega Sector Night Troupe event,Wz2_annual,ASTERIA,2025,['https://www.youtube.com/watch?v=adrsMtwGpgc'],BgmWz2,,unclassified,MapleStory
Torinao Doo Do - Concert Hall (Live ver.),Omega Sector Night Troupe event,Wz2_annual,ASTERIA,2025,['https://www.youtube.com/watch?v=tUbmUFeM0mk'],BgmWz2,,unclassified,MapleStory
Torinao Doo Do - VIP Standing Hall (Live ver.),Omega Sector Night Troupe event,Wz2_annual,ASTERIA,2025,['https://www.youtube.com/watch?v=HTpPhsCuMls'],BgmWz2,,unclassified,MapleStory
Treasure of Pharaoh - Boss,Treasure of Pharaoh event,Pharaoh,ASTERIA,2022,['https://www.youtube.com/watch?v=aFPdamHVaaE'],BgmWz2,,unclassified,MapleStory
Treasure of Pharaoh - Chapter 1,Treasure of Pharaoh event,Pharaoh,ASTERIA,2022,['https://www.youtube.com/watch?v=-DHH5TWyFmQ'],BgmWz2,,unclassified,MapleStory
Treasure of Pharaoh - Chapter 2,Treasure of Pharaoh event,Pharaoh,ASTERIA,2022,['https://www.youtube.com/watch?v=aeE_9MhFNuU'],BgmWz2,,unclassified,MapleStory
Treasure of Pharaoh - Chapter 3,Treasure of Pharaoh event,Pharaoh,ASTERIA,2022,['https://www.youtube.com/watch?v=A-Vyi6uuve4'],BgmWz2,,unclassified,MapleStory
Treasure of Pharaoh - Chapter 4,Treasure of Pharaoh event,Pharaoh,ASTERIA,2022,['https://www.youtube.com/watch?v=STeCIlQfIuY'],BgmWz2,,unclassified,MapleStory
Treasure of Pharaoh - Chapter 5,Treasure of Pharaoh event,Pharaoh,ASTERIA,2022,['https://www.youtube.com/watch?v=7g4kgFKpYXE'],BgmWz2,,unclassified,MapleStory
Treasure of Pharaoh - Entrance,Treasure of Pharaoh event,Pharaoh,ASTERIA,2022,['https://www.youtube.com/watch?v=0rym7kt-p4Y'],BgmWz2,,unclassified,MapleStory
Treasure of Pharaoh - Shop,Treasure of Pharaoh event,Pharaoh,ASTERIA,2022,['https://www.youtube.com/watch?v=IkM2f1c73eg'],BgmWz2,,unclassified,MapleStory
Uncharted Island -Day-,Maple Explorer event,MExplorerIsland,ASTERIA,2020,['https://www.youtube.com/watch?v=fgnfYD84u0Q'],BgmWz2,,unclassified,MapleStory
Uncharted Island -Night-,Maple Explorer event,MExplorerIsland,ASTERIA,2020,['https://www.youtube.com/watch?v=PDxQ-hHhww4'],BgmWz2,,unclassified,MapleStory
Uncharted Island -Raid-,Maple Explorer event,MExplorerIsland,ASTERIA,2020,['https://www.youtube.com/watch?v=ubdQ9SgRY80'],BgmWz2,,unclassified,MapleStory
Herb Town Boat Party -Chair-,Mu Lung Night Troupe chair effect,3019355,ASTERIA,2024,['https://www.youtube.com/watch?v=wBwQf5NZ2zo'],BgmWz2Chair,,unclassified,MapleStory
Superstar Pink Bean Chair,Superstar Pink Bean chair effect,3018286,ASTERIA,2019,['https://www.youtube.com/watch?v=7FSIE0hPxos'],BgmWz2Chair,,unclassified,MapleStory
Pachinko Interior Ambience,Pachinko ambient noise,jipangu,StudioEIM,2005,['https://www.youtube.com/watch?v=NJo_TrTWIa4'],Bgm_pachinko,,unclassified,MapleStory
Star Force Destroy,Star Force system,FreeMarket,ASTERIA,2025,['https://www.youtube.com/watch?v=lNxCrt4p1Ew'],Enchant,,unclassified,MapleStory
Star Force Success,Star Force system,FreeMarket,ASTERIA,2025,['https://www.youtube.com/watch?v=ouZdiqSIDnM'],Enchant,,unclassified,MapleStory
Star Force Wait Type 0,Star Force system,FreeMarket,ASTERIA,2025,['https://www.youtube.com/watch?v=Ft2X1oqYMl0'],Enchant,,unclassified,MapleStory
Star Force Wait Type 1,Star Force system,FreeMarket,ASTERIA,2025,['https://www.youtube.com/watch?v=E-G9roVPJQ0'],Enchant,,unclassified,MapleStory
Brave New World,Erel Light storyline - Edelstein Gate,Edelstein,ASTERIA,2026,['https://www.youtube.com/watch?v=YsoI7TKfyEI'],GL_Erel,,unclassified,MapleStory
Celestial Eclipse,Helia: Temple of Light,GL_Helia,ASTERIA,2026,['https://www.youtube.com/watch?v=emEcRI-iFaU'],GL_Erel,,unclassified,MapleStory
Corruptions Embrace,Archon boss theme,GL_Helia,ASTERIA,2026,['https://www.youtube.com/watch?v=nXyaqCPPuqA'],GL_Erel,,unclassified,MapleStory
Dreamlight Echoes,"Helia: Pente, the Pillar of Light",GL_Helia,ASTERIA,2026,['https://www.youtube.com/watch?v=u9-_60-0N_8'],GL_Erel,,unclassified,MapleStory
Eclipsed Valor,Archon boss theme,GL_Helia,ASTERIA,2026,['https://www.youtube.com/watch?v=m0598R1Hq0Y'],GL_Erel,,unclassified,MapleStory
Gathering Gloom,Helia: Burning Katanos,GL_Helia,ASTERIA,2026,['https://www.youtube.com/watch?v=aB6DNHXhbOQ'],GL_Erel,,unclassified,MapleStory
Happy Anthem,Helia: Erel's House,GL_Helia,ASTERIA,2026,['https://www.youtube.com/watch?v=UbNT3tFHIgs'],GL_Erel,,unclassified,MapleStory
Radiant,Helia: Katanos,GL_Helia,ASTERIA,2026,['https://www.youtube.com/watch?v=jREHDGCsArw'],GL_Erel,,unclassified,MapleStory
Revelation,Erel Light storyline,GL_Helia,ASTERIA,2026,['https://www.youtube.com/watch?v=vUFSd5oRo_4'],GL_Erel,,unclassified,MapleStory
Serenity Winds,"Helia: Tessera, the Pillar of Light",GL_Helia,ASTERIA,2026,['https://www.youtube.com/watch?v=pZaRbRFZSxo'],GL_Erel,,unclassified,MapleStory
Threshold,"Helia: Tres, the Pillar of Light",GL_Helia,ASTERIA,2026,['https://www.youtube.com/watch?v=jKE50k1bgKc'],GL_Erel,,unclassified,MapleStory
Veil of Justice,Helia: Argent Guard Base,GL_Helia,ASTERIA,2026,['https://www.youtube.com/watch?v=lAyQ-5wt2uY'],GL_Erel,,unclassified,MapleStory
Vitality,"Helia: Duo, the Pillar of Light",GL_Helia,ASTERIA,2026,['https://www.youtube.com/watch?v=EFi9pNt7woE'],GL_Erel,,unclassified,MapleStory
A World Shown by New Light,Erel Light storyline,GL_Helia,ASTERIA,2026,['https://www.youtube.com/watch?v=jodLjEVvImc'],GL_Erel,,unclassified,MapleStory
Cerberusian,Krakian Jungle: Excavation Site,NLC,ASTERIA,2019,['https://www.youtube.com/watch?v=c1iOUKGxcKY'],GL_Masteria,,unclassified,MapleStory
Crimson Mountain,Crimsonwood Mountain,Crimsonwood,ASTERIA,2019,['https://www.youtube.com/watch?v=6L1PLMErNf0'],GL_Masteria,,unclassified,MapleStory
Nostalgia,Krakian Jungle,NLC,ASTERIA,2019,['https://www.youtube.com/watch?v=d9yQgNcuUhA'],GL_Masteria,,unclassified,MapleStory
Phantom Forest,Crimsonwood: Phantom Forest,Crimsonwood,ASTERIA,2019,['https://www.youtube.com/watch?v=8sRMf0ZhAtw'],GL_Masteria,,unclassified,MapleStory
Resurrection,Crimsonwood: Phantom Forest boss theme,Crimsonwood,ASTERIA,2019,['https://www.youtube.com/watch?v=eqz3XODQj1c'],GL_Masteria,,unclassified,MapleStory
To Versal,Crimsonwood Keep: Council Hall,Crimsonwood,ASTERIA,2019,['https://www.youtube.com/watch?v=GtO4mTwY-XA'],GL_Masteria,,unclassified,MapleStory
Whisper,Crimsonwood: Phantom Forest (Sanity effect),Crimsonwood,ASTERIA,2019,['https://www.youtube.com/watch?v=ZoDAV2hJ1WU'],GL_Masteria,,unclassified,MapleStory
Operation Dungeon - Boss,Operation: Dive (Phase 2) event - Dark Magic Laboratory,Parallel_Magatia,ASTERIA,2026,['https://www.youtube.com/watch?v=oBqaK2YDcSE'],GL_Operation,,unclassified,MapleStory
Operation Dungeon - Elite Boss,Operation: Dive (Phase 2) event - Dark Magic Laboratory,Parallel_Magatia,ASTERIA,2026,['https://www.youtube.com/watch?v=TnGj0MZft7I'],GL_Operation,,unclassified,MapleStory
Operation Dungeon - Normal,Operation: Dive (Phase 2) event - Dark Magic Laboratory,Parallel_Magatia,ASTERIA,2026,['https://www.youtube.com/watch?v=v6GD181flvg'],GL_Operation,,unclassified,MapleStory
Operation Dungeon - Shop,Operation: Dive (Phase 2) event - Dark Magic Laboratory,Parallel_Magatia,ASTERIA,2026,['https://www.youtube.com/watch?v=-SfTQ0uUOCA'],GL_Operation,,unclassified,MapleStory
Parallel Magatia,Operation: Dive event,Parallel_Magatia,ASTERIA,2026,['https://www.youtube.com/watch?v=odqz1-z8CdI'],GL_Operation,,unclassified,MapleStory
Ride or Die - Darknell,2024 Ride or Die event boss theme,2024DarkRide,ASTERIA,2024,['https://www.youtube.com/watch?v=LQ9l13sm0UQ'],GL_RideOrDie,,unclassified,MapleStory
Ride or Die - Horntail,2024 Ride or Die event boss theme,2024DarkRide,ASTERIA,2024,['https://www.youtube.com/watch?v=TW1gdJFqhvQ'],GL_RideOrDie,,unclassified,MapleStory
Ride or Die - Papulatus,2024 Ride or Die event boss theme,2024DarkRide,ASTERIA,2024,['https://www.youtube.com/watch?v=DA5wnJSSX2o'],GL_RideOrDie,,unclassified,MapleStory
Ride or Die - Guardian Angel Slime,2024 Ride or Die event boss theme,2024DarkRide,ASTERIA,2024,['https://www.youtube.com/watch?v=b9JSZsuZ-iE'],GL_RideOrDie,,unclassified,MapleStory
Ride or Die - Vellum,2024 Ride or Die event boss theme,2024DarkRide,ASTERIA,2024,['https://www.youtube.com/watch?v=IX331xoK2zw'],GL_RideOrDie,,unclassified,MapleStory
Ride or Die - Zakum,2024 Ride or Die event boss theme,2024DarkRide,ASTERIA,2024,['https://www.youtube.com/watch?v=3W5dig5Q_gI'],GL_RideOrDie,,unclassified,MapleStory
Ride or Die - Entrance,2024 Ride or Die event,2024DarkRide,ASTERIA,2024,['https://www.youtube.com/watch?v=uwlUwHk1wE8'],GL_RideOrDie,,unclassified,MapleStory
Ride or Die - Cave,2024 Ride or Die event,2024DarkRide,ASTERIA,2024,['https://www.youtube.com/watch?v=N2cLsMEl4Fo'],GL_RideOrDie,,unclassified,MapleStory
Falter Mind Became a Starlight,Oort: Star Garden,GL_Oort,ASTERIA,2025,['https://www.youtube.com/watch?v=6JL2Y8e1d4Q'],GL_Sia,,unclassified,MapleStory
Fate Forest,Oort: Star Forest,GL_Oort,ASTERIA,2025,['https://www.youtube.com/watch?v=AsJ2ehBy1es'],GL_Sia,,unclassified,MapleStory
Friend Became a Star,Perion: Astronomy Lab,GL_OortLab,ASTERIA,2025,['https://www.youtube.com/watch?v=GDkTZp0ucZE'],GL_Sia,,unclassified,MapleStory
Graveyard of the Star,Oort: Sea of Darkened Stars,GL_Oort,ASTERIA,2025,['https://www.youtube.com/watch?v=3kRn4NC32bE'],GL_Sia,,unclassified,MapleStory
Little Star's Happy Delusion,Oort: Twinkling Valley,GL_Oort,ASTERIA,2025,['https://www.youtube.com/watch?v=mYvsr2eIW-k'],GL_Sia,,unclassified,MapleStory
The Guardian of the Stars,Oort Lobby,GL_Oort,ASTERIA,2025,['https://www.youtube.com/watch?v=fCUPkw1Dsco'],GL_Sia,,unclassified,MapleStory
The Lullaby Oort,Oort,GL_Oort,ASTERIA,2025,['https://www.youtube.com/watch?v=najOnl1mXW0'],GL_Sia,,unclassified,MapleStory
Hidden Hallway,Mechanical Hearts: Aspire - Hidden Hallway,PL_Beautyroid,ASTERIA,2020,['https://www.youtube.com/watch?v=aentFD_-8uo'],PL_Beautyroid,,unclassified,MapleStory
More Human Than Human,Mechanical Hearts Season 3 ending,PL_Beautyroid,ASTERIA,2020,['https://www.youtube.com/watch?v=VrAPwZk0CFI'],PL_Beautyroid,,unclassified,MapleStory
Scion's Lair,Mechanical Hearts: Aspire - Scion's Lair,PL_Beautyroid,ASTERIA,2020,['https://www.youtube.com/watch?v=t6sLGm66uWY'],PL_Beautyroid,,unclassified,MapleStory
Unseen Prison,Mechanical Hearts - Scion's Invitation chair effect,PL_Beautyroid,ASTERIA,2020,['https://www.youtube.com/watch?v=_t9zVOFNVlY'],PL_Beautyroid,,unclassified,MapleStory
Beautyroid Factory,Mechanical Hearts: Aspire Industries factory,PL_Beautyroid,ASTERIA,2017,['https://www.youtube.com/watch?v=IqfKfW0KQ0g'],PL_Beautyroid,,unclassified,MapleStory
Beautyroid Forest,Mechanical Hearts: Aspire Industries forest hideout,PL_Beautyroid,ASTERIA,2017,['https://www.youtube.com/watch?v=wnSwoYrY70Q'],PL_Beautyroid,,unclassified,MapleStory
Beautyroid Lab,Mechanical Hearts: Aspire Industries lab,PL_Beautyroid,ASTERIA,2017,['https://www.youtube.com/watch?v=aHR0xM6CVQ0'],PL_Beautyroid,,unclassified,MapleStory
Beautyroid Lobby,Mechanical Hearts: Aspire Industries lobby,PL_Beautyroid,ASTERIA,2017,['https://www.youtube.com/watch?v=-aT2UF3yW1I'],PL_Beautyroid,,unclassified,MapleStory
Peaceful Life,Mechanical Hearts: Episode 2,PL_Beautyroid,ASTERIA,2017,['https://www.youtube.com/watch?v=_Gt9PQYmhIg'],PL_Beautyroid,,unclassified,MapleStory
Primrose,Mechanical Hearts: Episode 2 ending,PL_Beautyroid,ASTERIA,2017,['https://www.youtube.com/watch?v=gw7gbAh0hZA'],PL_Beautyroid,,unclassified,MapleStory
Unforgettable Gun,Captain Vaga missions,PL_CaptainVaga,ASTERIA,2018,['https://www.youtube.com/watch?v=5faEeE3Z_fU'],PL_CaptainNomad,,unclassified,MapleStory
Escape,Captain Vaga finale,PL_CaptainVaga,ASTERIA,2018,['https://www.youtube.com/watch?v=EYXHWkl_hnw'],PL_CaptainNomad,,unclassified,MapleStory
Tomorrow,Captain Vaga intro,PL_CaptainVaga,ASTERIA,2018,['https://www.youtube.com/watch?v=3OM9ZKFWD3s'],PL_CaptainNomad,,unclassified,MapleStory
MMF Ariant,Maple Music Festival - Ariant stage,3015605,DJ Searcher,2016,['https://www.youtube.com/watch?v=I2VC4bGdJq4'],PL_MMF,,unclassified,MapleStory
MMF Bad Guys,Maple Music Festival - Kerning City stage,3015606,DJ Searcher,2016,['https://www.youtube.com/watch?v=hHVlL6GKYx0'],PL_MMF,,unclassified,MapleStory
MMF Kinesis,Maple Music Festival - Sleepywood stage,3015608,DJ Searcher,2016,['https://www.youtube.com/watch?v=5C4xjDFRQHE'],PL_MMF,,unclassified,MapleStory
MMF Maple Island,Maple Music Festival - Henesys stage,3015604,DJ Searcher,2016,['https://www.youtube.com/watch?v=3NBg9oujtqA'],PL_MMF,,unclassified,MapleStory
MMF Time Temple,Maple Music Festival - Temple of Time stage,3015607,DJ Searcher,2016,['https://www.youtube.com/watch?v=w_5ZtzdMFeM'],PL_MMF,,unclassified,MapleStory
Ashley,2022 Neo Tokyo storyline,Tokyo,ASTERIA,2022,['https://www.youtube.com/watch?v=D3XEJllFPEQ'],PL_NeoTokyo,,unclassified,MapleStory
Ashley -climax-,2022 Neo Tokyo storyline,Tokyo,ASTERIA,2022,['https://www.youtube.com/watch?v=ZCCTE1j6cuI'],PL_NeoTokyo,,unclassified,MapleStory
Ashley -loop-,2022 Neo Tokyo storyline,Tokyo,ASTERIA,2022,['https://www.youtube.com/watch?v=Y_Eesyp3bPM'],PL_NeoTokyo,,unclassified,MapleStory
Aufheben,2022 Neo Tokyo Aufheben boss theme,Tokyo,ASTERIA,2022,['https://www.youtube.com/watch?v=qY_RhKwGDfQ'],PL_NeoTokyo,,unclassified,MapleStory
Dunas,2022 Neo Tokyo storyline,Tokyo,ASTERIA,2022,['https://www.youtube.com/watch?v=2oxWDW8CpBI'],PL_NeoTokyo,,unclassified,MapleStory
Dunas -climax-,2022 Neo Tokyo storyline,Tokyo,ASTERIA,2022,['https://www.youtube.com/watch?v=BnJ9b15veGo'],PL_NeoTokyo,,unclassified,MapleStory
Dunas -loop-,2022 Neo Tokyo storyline,Tokyo,ASTERIA,2022,['https://www.youtube.com/watch?v=Vl2tLwpDr9Q'],PL_NeoTokyo,,unclassified,MapleStory
Rebirth,2022 Neo Tokyo storyline,Tokyo,ASTERIA,2022,['https://www.youtube.com/watch?v=vODqg_Vcnkw'],PL_NeoTokyo,,unclassified,MapleStory
Rebirth -climax-,2022 Neo Tokyo storyline,Tokyo,ASTERIA,2022,['https://www.youtube.com/watch?v=hJgiyvwHyuo'],PL_NeoTokyo,,unclassified,MapleStory
Rebirth -loop-,2022 Neo Tokyo storyline,Tokyo,ASTERIA,2022,['https://www.youtube.com/watch?v=4HwA7NfFJ54'],PL_NeoTokyo,,unclassified,MapleStory
Twenteena -Exit-,2025 GlobalMS MapleCon LA 'Build a Monster!' in-game event,1006520,ASTERIA,2025,['https://www.youtube.com/watch?v=UsM2PVz2meU'],PL_Sound,,unclassified,MapleStory
Twenteena -Main-,2025 GlobalMS MapleCon LA 'Build a Monster!' in-game event,1006520,ASTERIA,2025,['https://www.youtube.com/watch?v=8sJEoJSNAuY'],PL_Sound,,unclassified,MapleStory
Frenzy Winter (Alternate),2016 Icy Onslaught event,Event,ASTERIA,2016,['https://www.youtube.com/watch?v=dwlGJS1b08g'],PL_WinterFrenzy,,unclassified,MapleStory
Frenzy Winter,2016 Icy Onslaught event,Event,ASTERIA,2016,['https://www.youtube.com/watch?v=w9FJhoIyLqs'],PL_WinterFrenzy,,unclassified,MapleStory
Silvery Wolf,Sengoku III: Akechi Mitsuhide boss theme,PL_Sengoku3,ASTERIA,2020,['https://www.youtube.com/watch?v=UpbcAiQaBqE'],PL_sengoku3,,unclassified,MapleStory
Silvery Wolf -Second ver.-,Sengoku III: Akechi Mitsuhide boss theme,PL_Sengoku3,ASTERIA,2020,['https://www.youtube.com/watch?v=SbOO7rpjm04'],PL_sengoku3,,unclassified,MapleStory
Silvery Wolf -Third ver.-,Sengoku III: Akechi Mitsuhide boss theme,PL_Sengoku3,ASTERIA,2020,['https://www.youtube.com/watch?v=0jg5W5jAMHw'],PL_sengoku3,,unclassified,MapleStory
Meaning of the Dawn,Sengoku III storyline,PL_Sengoku3,ASTERIA,2020,['https://www.youtube.com/watch?v=0jd5bau0QzM'],PL_sengoku3,,unclassified,MapleStory
Scattering Sakura,Sengoku III storyline,PL_Sengoku3,ASTERIA,2020,['https://www.youtube.com/watch?v=1Fyy-Ct2HSw'],PL_sengoku3,,unclassified,MapleStory
Secret Vow,Sengoku III storyline,PL_Sengoku3,ASTERIA,2020,['https://www.youtube.com/watch?v=JxKgF_8Sfaw'],PL_sengoku3,,unclassified,MapleStory
Shura Castle,Sengoku III: Inside Shura Castle,PL_Sengoku3,ASTERIA,2020,['https://www.youtube.com/watch?v=2hZ8gYxHFvA'],PL_sengoku3,,unclassified,MapleStory
To the Battlefield,Sengoku III: Shura Castle,PL_Sengoku3,ASTERIA,2020,['https://www.youtube.com/watch?v=OdzImXmAduE'],PL_sengoku3,,unclassified,MapleStory
Demon Slayer - Event,2024 Demon Slayer collaboration,2024Collabo,ASTERIA,2024,['https://www.youtube.com/watch?v=sq5TT0P_iI8'],SoundEff_collabo,,unclassified,MapleStory
Demon Slayer - Minigame,2024 Demon Slayer collaboration,2024Collabo,ASTERIA,2024,['https://www.youtube.com/watch?v=TyEV6tAY5vQ'],SoundEff_collabo,,unclassified,MapleStory
In the Starry Night,VIP Lounge: Starry Rooftop,VIPlounge,ASTERIA,2025,['https://www.youtube.com/watch?v=OjeQNuy-gjw'],VIPSystem,,unclassified,MapleStory
Remembrance (Eden & Erin Ver.),VIP Lounge musical performance,VIPlounge,ASTERIA,2025,['https://www.youtube.com/watch?v=emm4cECq928'],VIPSystem,,unclassified,MapleStory
Secret Concert,VIP Lounge: Royal Suite,VIPlounge,ASTERIA,2025,['https://www.youtube.com/watch?v=MCm6_nXRWes'],VIPSystem,,unclassified,MapleStory
VIP Lounge Main Theme,VIP Lounge,VIPlounge,ASTERIA,2025,['https://www.youtube.com/watch?v=-nb3BY1RXqs'],VIPSystem,,unclassified,MapleStory
VIP Lounge Main Theme (Saturday Ver.),VIP Lounge,VIPlounge,ASTERIA,2025,['https://www.youtube.com/watch?v=6lss_rm5F4A'],VIPSystem,,unclassified,MapleStory
When the Morning Comes (Eden & Erin Ver.),VIP Lounge musical performance,VIPlounge,ASTERIA,2025,['https://www.youtube.com/watch?v=iJJPVif0kVo'],VIPSystem,,unclassified,MapleStory
